A,B,C,D,E,F,G,H
C1,B,BS,S,N,72,72,74
C1,C,SC,S,C,69,90,88
C1,B,MS,S,N,90,95,93
C2,A,AD,FR,N,47,57,44
C2,C,SC,S,N,76,78,75
C1,B,AD,S,N,71,83,78
C1,B,SC,S,C,88,95,92
C2,B,SC,FR,N,40,43,39
C2,D,HS,FR,C,64,64,67
C1,B,HS,FR,N,38,60,50
C2,C,AD,S,N,58,54,52
C2,D,AD,S,N,40,52,43
C1,B,HS,S,N,65,81,73
C2,A,SC,S,C,78,72,70
C1,A,MS,S,N,50,53,58
C1,C,SHS,S,N,69,75,78
C2,C,HS,S,N,88,89,86
C1,B,SHS,FR,N,18,32,28
C2,C,MS,FR,C,46,42,46
C1,C,AD,FR,N,54,58,61
C2,D,HS,S,N,66,69,63
C1,B,SC,FR,C,65,75,70
C2,D,SC,S,N,44,54,53
C1,C,SHS,S,N,69,73,73
C2,D,BS,FR,C,74,71,80
C2,A,MS,FR,N,73,74,72
C2,B,SC,S,N,69,54,55
C1,C,BS,S,N,67,69,75
C2,C,HS,S,N,70,70,65
C1,D,MS,S,N,62,70,75
C1,D,SC,S,N,69,74,74
C1,B,SC,S,N,63,65,61
C1,E,MS,FR,N,56,72,65
C2,D,SC,S,N,40,42,38
C2,E,SC,S,N,97,87,82
C2,E,AD,S,C,81,81,79
C1,D,AD,S,N,74,81,83
C1,D,SHS,FR,N,50,64,59
C1,D,AD,FR,C,75,90,88
C2,B,AD,FR,N,57,56,57
C2,C,AD,FR,N,55,61,54
C1,C,AD,S,N,58,73,68
C1,B,AD,S,N,53,58,65
C2,B,SC,FR,C,59,65,66
C1,E,AD,FR,N,50,56,54
C2,B,AD,S,N,65,54,57
C1,A,AD,S,C,55,65,62
C1,C,HS,S,N,66,71,76
C1,D,AD,FR,C,57,74,76
C2,C,HS,S,C,82,84,82
C2,E,SC,S,N,53,55,48
C2,E,AD,FR,C,77,69,68
C2,C,SC,S,N,53,44,42
C2,D,HS,S,N,88,78,75
C1,C,SHS,FR,C,71,84,87
C1,C,HS,FR,N,33,41,43
C1,E,AD,S,C,82,85,86
C2,D,AD,S,N,52,55,49
C2,D,SC,S,C,58,59,58
C1,C,SHS,FR,N,0,17,10
C2,E,BS,FR,C,79,74,72
C2,A,SHS,FR,N,39,39,34
C2,A,AD,FR,N,62,61,55
C1,C,AD,S,N,69,80,71
C1,D,SHS,S,N,59,58,59
C2,B,SHS,S,N,67,64,61
C2,D,SHS,FR,N,45,37,37
C1,C,SC,S,N,60,72,74
C2,B,AD,FR,N,61,58,56
C1,C,AD,S,N,39,64,57
C1,D,SC,FR,C,58,63,73
C2,D,SC,S,C,63,55,63
C1,A,AD,FR,N,41,51,48
C2,C,SHS,FR,N,61,57,56
C2,C,SHS,S,N,49,49,41
C2,B,AD,FR,N,44,41,38
C2,E,SHS,S,N,30,26,22
C2,A,BS,S,C,80,78,81
C1,D,SHS,S,C,61,74,72
C1,E,MS,S,N,62,68,68
C1,B,AD,S,N,47,49,50
C2,B,HS,FR,N,49,45,45
C2,A,SC,FR,C,50,47,54
C2,E,AD,S,N,72,64,63
C2,D,HS,FR,N,42,39,34
C1,C,SC,S,N,73,80,82
C1,C,SC,FR,N,76,83,88
C1,D,AD,S,N,71,71,74
C1,A,SC,S,N,58,70,67
C1,D,SHS,S,N,73,86,82
C1,C,BS,S,N,65,72,74
C2,C,HS,FR,N,27,34,36
C2,C,HS,S,N,71,79,71
C2,C,AD,FR,C,43,45,50
C1,B,SC,S,N,79,86,92
C2,C,AD,FR,C,78,81,82
C2,B,SHS,S,C,65,66,62
C1,E,SC,S,C,63,72,70
C1,D,SC,FR,N,58,67,62
C1,D,BS,S,N,65,67,62
C2,B,SC,S,N,79,67,67
C2,D,BS,S,C,68,74,74
C1,D,AD,S,N,85,91,89
C2,B,HS,S,C,60,44,47
C2,C,SC,S,C,98,86,90
C1,C,SC,S,N,58,67,72
C1,D,MS,S,N,87,100,100
C2,E,AD,S,C,66,63,64
C1,B,AD,FR,N,52,76,70
C1,B,SHS,S,N,70,64,72
C1,D,AD,FR,C,77,89,98
C2,C,HS,S,N,62,55,49
C2,A,AD,S,N,54,53,47
C1,D,SC,S,N,51,58,54
C1,E,BS,S,C,99,100,100
C2,C,HS,S,N,84,77,74
C1,B,BS,FR,N,75,85,82
C1,D,BS,S,N,78,82,79
C1,D,SHS,S,N,51,63,61
C1,C,SC,S,N,55,69,65
C1,C,BS,S,C,79,92,89
C2,B,AD,S,C,91,89,92
C1,C,SC,S,C,88,93,93
C2,D,HS,FR,N,63,57,56
C2,E,SC,S,N,83,80,73
C1,B,HS,S,N,87,95,86
C2,B,SHS,S,N,72,68,67
C2,D,SC,S,C,65,77,74
C2,D,MS,S,N,82,82,74
C1,A,BS,S,N,51,49,51
C2,D,MS,S,N,89,84,82
C2,C,SHS,FR,C,53,37,40
C2,E,SC,FR,C,87,74,70
C1,C,SC,S,C,75,81,84
C2,D,BS,FR,C,74,79,75
C2,C,BS,S,N,58,55,48
C2,B,SHS,S,C,51,54,41
C2,E,HS,S,N,70,55,56
C1,C,AD,S,N,59,66,67
C2,D,SC,S,C,71,61,69
C1,D,SHS,S,N,76,72,71
C1,C,SC,FR,N,59,62,64
C1,E,SC,FR,C,42,55,54
C2,A,HS,S,N,57,43,47
C2,D,SC,S,N,88,73,78
C1,C,SC,FR,N,22,39,33
C2,B,SHS,S,N,88,84,75
C2,C,AD,FR,N,73,68,66
C1,D,BS,S,C,68,75,81
C2,E,AD,FR,C,100,100,93
C2,A,SHS,S,C,62,67,69
C2,A,BS,S,N,77,67,68
C1,B,AD,S,C,59,70,66
C2,D,BS,S,N,54,49,47
C2,D,SHS,S,N,62,67,61
C1,C,SC,S,C,70,89,88
C1,E,HS,FR,C,66,74,78
C2,B,SC,FR,N,60,60,60
C1,B,AD,S,C,61,86,87
C2,D,AD,FR,N,66,62,64
C2,B,AD,FR,C,82,78,74
C1,E,SC,FR,C,75,88,85
C2,B,MS,FR,N,49,53,52
C2,C,HS,S,N,52,53,49
C1,E,MS,S,N,81,92,91
C1,C,BS,S,C,96,100,100
C2,C,HS,FR,C,53,51,51
C1,B,MS,FR,C,58,76,78
C1,B,HS,S,C,68,83,78
C1,C,SC,FR,C,67,75,70
C2,A,HS,S,C,72,73,74
C2,E,SHS,S,N,94,88,78
C1,D,SC,S,N,79,86,81
C1,C,AD,S,N,63,67,70
C1,C,BS,FR,C,43,51,54
C1,C,MS,S,C,81,91,87
C1,B,HS,FR,C,46,54,58
C1,C,AD,S,C,71,77,77
C1,B,MS,FR,C,52,70,62
C1,D,SHS,S,C,97,100,100
C2,C,MS,FR,C,62,68,75
C1,C,SC,FR,N,46,64,66
C1,E,HS,S,N,50,50,47
C1,D,AD,S,N,65,69,70
C2,C,SHS,FR,C,45,52,49
C2,C,AD,FR,C,65,67,65
C2,E,HS,S,N,80,76,65
C2,D,SHS,S,C,62,66,68
C2,B,SHS,FR,N,48,52,45
C1,C,BS,S,N,77,88,87
C1,E,AD,S,N,66,65,69
C2,D,SC,S,C,76,83,79
C1,B,SHS,S,N,62,64,66
C2,D,SC,S,C,77,62,62
C1,C,MS,S,C,69,84,85
C2,D,AD,S,N,61,55,52
C2,C,SHS,FR,C,59,69,65
C2,E,HS,FR,N,55,56,51
C1,B,SC,FR,N,45,53,55
C1,B,BS,FR,N,78,79,76
C1,C,AD,S,C,67,84,86
C1,D,SC,FR,N,65,81,77
C2,C,AD,S,N,69,77,69
C1,B,AD,S,N,57,69,68
C2,C,SC,S,N,59,41,42
C2,D,SHS,S,C,74,71,78
C2,E,BS,S,N,82,62,62
C2,E,HS,S,C,81,80,76
C1,B,SC,FR,N,74,81,76
C1,B,SC,FR,N,58,61,66
C2,D,SHS,FR,C,80,79,79
C2,C,SC,FR,N,35,28,27
C1,C,HS,FR,N,42,62,60
C2,C,AD,FR,C,60,51,56
C2,E,HS,S,C,87,91,81
C2,B,SHS,S,C,84,83,75
C1,E,AD,FR,C,83,86,88
C1,C,HS,FR,N,34,42,39
C2,B,HS,FR,N,66,77,70
C2,B,SHS,S,C,61,56,56
C1,D,HS,S,C,56,68,74
C2,B,AD,S,N,87,85,73
C1,C,SHS,FR,N,55,65,62
C2,D,SHS,S,N,86,80,75
C1,B,AD,S,C,52,66,73
C1,E,MS,FR,N,45,56,54
C1,C,SC,S,N,72,72,71
C2,D,HS,S,N,57,50,54
C2,A,SHS,FR,N,68,72,64
C1,C,SC,S,C,88,95,94
C2,D,SC,S,N,76,64,66
C2,C,AD,S,N,46,43,42
C1,B,BS,S,N,67,86,83
C2,E,SHS,S,N,92,87,78
C2,C,BS,S,C,83,82,84
C2,D,AD,S,N,80,75,77
C2,D,BS,FR,N,63,66,67
C1,D,SHS,S,C,64,60,74
C2,B,SC,S,N,54,52,51
C2,C,AD,S,N,84,80,80
C2,D,HS,FR,C,73,68,66
C1,E,BS,S,N,80,83,83
C1,D,HS,S,N,56,52,55
C2,E,SC,S,N,59,51,43
C2,D,SHS,S,N,75,74,69
C2,C,AD,S,N,85,76,71
C2,E,AD,S,N,89,76,74
C1,B,HS,S,C,58,70,68
C1,B,HS,S,N,65,64,62
C2,C,HS,S,N,68,60,53
C2,A,SHS,S,C,47,49,49
C1,D,SC,FR,N,71,83,83
C1,B,SHS,S,C,60,70,70
C2,D,MS,S,N,80,80,72
C2,D,HS,S,N,54,52,52
C1,E,SC,S,N,62,73,70
C1,C,AD,FR,N,64,73,68
C2,C,AD,S,C,78,77,77
C1,B,SC,S,N,70,75,78
C1,C,MS,FR,C,65,81,81
C1,C,SHS,FR,C,64,79,77
C2,C,SC,S,C,79,79,78
C1,C,SHS,FR,N,44,50,51
C1,E,HS,S,N,99,93,90
C2,D,HS,S,N,76,73,68
C2,D,SHS,FR,N,59,42,41
C1,C,BS,S,N,63,75,81
C1,D,HS,S,N,69,72,77
C1,D,AD,S,C,88,92,95
C1,E,SC,FR,N,71,76,70
C2,C,BS,S,N,69,63,61
C2,C,SC,S,N,58,49,42
C1,D,AD,FR,N,47,53,58
C1,D,SC,S,N,65,70,71
C2,B,SC,S,C,88,85,76
C2,C,BS,S,N,83,78,73
C1,C,SHS,S,C,85,92,93
C1,E,HS,S,C,59,63,75
C1,C,SHS,FR,N,65,86,80
C2,B,BS,FR,N,73,56,57
C2,D,HS,S,N,53,52,42
C2,D,HS,S,N,45,48,46
C1,D,BS,FR,N,73,79,84
C1,D,SC,FR,C,70,78,78
C1,B,SHS,S,N,37,46,46
C2,B,AD,S,C,81,82,82
C2,E,AD,S,C,97,82,88
C1,B,SHS,S,N,67,89,82
C2,B,BS,FR,N,88,75,76
C2,E,SHS,S,C,77,76,77
C2,C,AD,S,N,76,70,68
C2,D,SHS,S,N,86,73,70
C2,C,SHS,S,C,63,60,57
C1,E,BS,S,N,65,73,75
C2,D,HS,FR,C,78,77,80
C2,B,AD,FR,N,67,62,60
C2,A,SHS,S,C,46,41,43
C2,E,AD,S,C,71,74,68
C2,C,HS,FR,C,40,46,50
C2,D,AD,FR,N,90,87,75
C2,A,SC,FR,C,81,78,81
C2,D,SHS,FR,N,56,54,52
C1,C,AD,S,C,67,84,81
C2,B,AD,S,N,80,76,64
C1,C,AD,S,C,74,75,83
C2,A,SC,S,N,69,67,69
C2,E,SC,S,C,99,87,81
C2,C,SHS,S,N,51,52,44
C1,B,AD,FR,N,53,71,67
C1,D,HS,FR,N,49,57,52
C1,B,AD,S,N,73,76,80
C2,B,BS,S,N,66,60,57
C2,D,BS,S,C,67,61,68
C1,C,AD,FR,C,68,67,69
C1,C,BS,S,C,59,64,75
C2,C,HS,S,N,71,66,65
C1,D,MS,S,C,77,82,91
C2,C,AD,S,N,83,72,78
C2,B,BS,S,N,63,71,69
C1,D,AD,FR,N,56,65,63
C1,C,HS,FR,C,67,79,84
C1,E,HS,S,N,75,86,79
C1,C,SC,S,N,71,81,80
C1,C,SHS,FR,N,43,53,53
C1,C,HS,FR,N,41,46,43
C1,C,SC,S,N,82,90,94
C2,C,SC,S,N,61,61,62
C2,A,SC,FR,N,28,23,19
C2,C,AD,S,C,82,75,77
C1,B,SHS,S,N,41,55,51
C2,C,HS,S,N,71,60,61
C2,C,AD,S,N,47,37,35
C2,E,AD,S,C,62,56,53
C2,B,AD,S,N,90,78,81
C1,C,BS,S,N,83,93,95
C1,B,SC,FR,N,61,68,66
C2,D,SHS,S,C,76,70,69
C2,C,AD,S,N,49,51,43
C1,B,SHS,FR,N,24,38,27
C1,D,SHS,FR,C,35,55,60
C2,C,HS,FR,N,58,61,52
C1,C,HS,S,N,61,73,63
C1,B,HS,S,C,69,76,74
C2,D,AD,S,C,67,72,67
C2,D,SC,S,N,79,73,67
C1,C,HS,S,N,72,80,75
C2,B,SC,S,N,62,61,57
C1,C,BS,S,C,77,94,95
C2,D,HS,FR,N,75,74,66
C2,E,AD,S,N,87,74,76
C1,B,BS,S,N,52,65,69
C2,E,SC,S,N,66,57,52
C1,C,SC,S,C,63,78,80
C1,C,AD,S,N,46,58,57
C1,C,SC,S,N,59,71,70
C1,B,BS,S,N,61,72,70
C2,A,AD,S,N,63,61,61
C1,C,SC,FR,C,42,66,69
C2,D,SC,FR,N,59,62,61
C1,D,SC,S,N,80,90,89
C1,B,HS,S,N,58,62,59
C2,B,SHS,S,C,85,84,78
C1,C,SC,S,N,52,58,58
C1,D,SHS,FR,N,27,34,32
C2,C,SC,S,N,59,60,58
C2,A,BS,FR,C,49,58,60
C2,C,HS,S,C,69,58,53
C2,C,BS,FR,N,61,66,61
C1,A,SHS,FR,N,44,64,58
C1,D,SHS,S,N,73,84,85
C2,E,SC,S,N,84,77,71
C1,C,SC,FR,C,45,73,70
C2,D,SHS,S,N,74,74,72
C1,D,SC,S,C,82,97,96
C1,D,BS,S,N,59,70,73
C2,E,AD,FR,N,46,43,41
C1,D,SHS,S,N,80,90,82
C1,D,MS,FR,C,85,95,100
C1,A,SHS,S,N,71,83,77
C2,A,BS,S,N,66,64,62
C1,B,AD,S,N,80,86,83
C2,C,AD,S,C,87,100,95
C2,C,MS,FR,N,79,81,71
C1,E,SHS,FR,N,38,49,45
C1,A,SHS,FR,N,38,43,43
C1,E,SC,S,N,67,76,75
C1,E,BS,S,N,64,73,70
C1,C,AD,FR,N,57,78,67
C1,D,HS,S,N,62,64,64
C2,D,MS,S,N,73,70,75
C2,E,SHS,FR,C,73,67,59
C1,D,SC,S,N,77,68,77
C2,E,SC,S,N,76,67,67
C2,C,AD,S,C,57,54,56
C1,C,SHS,S,C,65,74,77
C2,A,HS,FR,N,48,45,41
C1,B,HS,FR,N,50,67,63
C1,C,AD,S,N,85,89,95
C2,B,SHS,S,N,74,63,57
C2,D,SHS,S,N,60,59,54
C1,C,SHS,S,C,59,54,67
C2,A,SC,S,N,53,43,43
C1,A,SC,FR,N,49,65,55
C1,D,HS,S,C,88,99,100
C1,C,HS,S,N,54,59,62
C1,C,SHS,S,N,63,73,68
C2,B,AD,S,C,65,65,63
C1,B,AD,S,N,82,80,77
C1,D,HS,FR,C,52,57,56
C2,D,AD,S,C,87,84,85
C1,D,MS,S,C,70,71,74
C2,E,SC,S,C,84,83,78
C2,D,AD,S,N,71,66,60
C2,B,SHS,S,C,63,67,67
C1,C,BS,FR,C,51,72,79
C2,E,HS,S,N,84,73,69
C2,C,BS,S,C,71,74,68
C2,C,AD,S,N,74,73,67
C2,D,SC,S,N,68,59,62
C2,E,HS,FR,C,57,56,54
C1,C,AD,FR,C,82,93,93
C1,D,HS,S,C,57,58,64
C1,D,MS,FR,C,47,58,67
C1,A,SHS,S,C,59,85,80
C2,B,SC,FR,N,41,39,34
C1,C,SC,FR,N,62,67,62
C2,C,BS,S,N,86,83,86
C2,C,SHS,FR,N,69,71,65
C2,A,SHS,FR,N,65,59,53
C2,C,SHS,FR,N,68,63,54
C2,C,AD,FR,N,64,66,59
C1,C,HS,S,N,61,72,70
C2,C,HS,S,N,61,56,55
C1,A,SHS,FR,N,47,59,50
C2,C,SHS,S,N,73,66,66
C2,C,SC,FR,C,50,48,53
C2,D,AD,S,N,75,68,64
C2,D,AD,FR,N,75,66,73
C2,C,HS,S,N,70,56,51
C2,D,SHS,S,C,89,88,82
C1,C,SC,S,C,67,81,79
C1,D,HS,S,N,78,81,80
C1,A,SHS,FR,N,59,73,69
C1,B,AD,S,N,73,83,76
C2,A,SHS,FR,N,79,82,73
C1,C,SHS,S,C,67,74,77
C2,D,SC,FR,N,69,66,60
C2,C,HS,S,C,86,81,80
C2,B,HS,S,N,47,46,42
C2,B,AD,S,N,81,73,72
C1,C,SC,FR,C,64,85,85
C1,E,SC,S,N,100,92,97
C1,C,AD,FR,N,65,77,74
C2,C,SC,FR,N,65,58,49
C1,C,AD,FR,N,53,61,62
C2,C,BS,FR,N,37,56,47
C1,D,BS,S,N,79,89,89
C2,D,AD,FR,N,53,54,48
C1,E,BS,S,N,100,100,100
C2,B,HS,S,C,72,65,68
C2,C,BS,FR,N,53,58,55
C2,B,SC,FR,N,54,54,45
C1,E,SC,S,N,71,70,76
C1,C,SC,FR,N,77,90,91
C2,A,BS,S,C,75,58,62
C1,C,SC,S,N,84,87,91
C1,D,AD,FR,N,26,31,38
C2,A,HS,FR,C,72,67,65
C1,A,HS,FR,C,77,88,85
C2,C,SC,S,N,91,74,76
C1,C,AD,S,C,83,85,90
C1,C,HS,S,N,63,69,74
C1,C,AD,S,C,68,86,84
C1,D,SHS,S,N,59,67,61
C1,B,AD,S,C,90,90,91
C1,D,BS,S,C,71,76,83
C2,E,BS,S,C,76,62,66
C2,D,AD,S,N,80,68,72
C1,D,MS,S,N,55,64,70
C2,E,AD,S,N,76,71,67
C2,B,HS,S,C,73,71,68
C1,D,AD,FR,N,52,59,56
C2,C,SC,FR,N,68,68,61
C2,A,HS,S,N,59,52,46
C1,B,AD,S,N,49,52,54
C2,C,HS,S,N,70,74,71
C2,D,SC,FR,N,61,47,56
C1,C,AD,FR,N,60,75,74
C2,B,SHS,S,C,64,53,57
C2,A,AD,FR,C,79,82,82
C1,A,AD,FR,N,65,85,76
C1,C,AD,S,N,64,64,70
C1,C,SC,S,N,83,83,90
C1,C,BS,S,N,81,88,90
C1,B,HS,S,N,54,64,68
C2,D,HS,S,C,68,64,66
C1,C,SC,S,N,54,48,52
C1,D,SC,FR,C,59,78,76
C1,B,SHS,S,N,66,69,68
C2,E,SC,S,N,76,71,72
C1,D,MS,S,N,74,79,82
C1,B,AD,S,C,94,87,92
C2,C,SC,FR,N,63,61,54
C1,E,AD,S,C,95,89,92
C1,D,MS,FR,N,40,59,54
C1,B,SHS,S,N,82,82,80
C2,A,HS,S,N,68,70,66
C2,B,BS,FR,N,55,59,54
C2,C,MS,S,N,79,78,77
C1,C,BS,S,N,86,92,87
C2,D,SC,S,N,76,71,73
C2,A,SHS,S,N,64,50,43
C2,D,SHS,FR,N,62,49,52
C1,B,SHS,S,C,54,61,62
C1,B,MS,FR,C,77,97,94
C1,C,SHS,S,C,76,87,85
C1,D,SC,S,N,74,89,84
C1,E,SC,S,C,66,74,73
C1,D,SHS,S,C,66,78,78
C1,B,HS,FR,C,67,78,79
C2,D,SC,S,N,71,49,52
C1,C,AD,S,N,91,86,84
C2,D,BS,S,N,69,58,57
C2,C,MS,FR,N,54,59,50
C2,C,HS,S,C,53,52,49
C2,E,SC,S,N,68,60,59
C2,C,SHS,FR,C,56,61,60
C1,C,HS,FR,N,36,53,43
C1,D,BS,FR,N,29,41,47
C1,C,AD,S,N,62,74,70
C1,C,AD,S,C,68,67,73
C1,C,SHS,S,N,47,54,53
C2,E,AD,S,C,62,61,58
C1,E,AD,S,C,79,88,94
C2,B,HS,S,C,73,69,68
C1,C,BS,FR,C,66,83,83
C2,C,AD,S,C,51,60,58
C1,D,HS,S,N,51,66,62
C2,E,BS,S,C,85,66,71
C2,A,AD,S,C,97,92,86
C2,C,HS,S,C,75,69,68
C2,D,AD,FR,C,79,82,80
C1,C,AD,S,N,81,77,79
C1,D,AD,S,N,82,95,89
C1,D,MS,S,N,64,63,66
C2,E,SHS,FR,C,78,83,80
C1,A,SHS,S,C,92,100,97
C2,C,HS,S,C,72,67,64
C1,C,HS,FR,N,62,67,64
C2,C,MS,S,N,79,72,69
C2,C,SHS,FR,N,79,76,65
C2,B,BS,FR,C,87,90,88
C1,B,AD,S,N,40,48,50
C2,D,SC,FR,N,77,62,64
C2,E,AD,S,N,53,45,40
C1,C,SC,FR,N,32,39,33
C1,C,AD,S,C,55,72,79
C2,C,MS,FR,N,61,67,66
C1,B,AD,FR,N,53,70,70
C2,D,SHS,S,N,73,66,62
C1,D,SC,S,C,74,75,79
C1,C,SC,S,N,63,74,74
C2,C,BS,S,C,96,90,92
C1,D,SC,FR,C,63,80,80
C2,B,BS,FR,N,48,51,46
C2,B,AD,S,N,48,43,45
C1,E,BS,FR,C,92,100,100
C1,D,MS,FR,C,61,71,78
C2,B,HS,FR,N,63,48,47
C2,D,BS,FR,N,68,68,67
C2,B,SC,S,C,71,75,70
C2,A,BS,S,N,91,96,92
C1,C,SC,S,N,53,62,56
C1,C,HS,FR,C,50,66,64
C1,E,HS,S,N,74,81,71
C2,A,AD,FR,C,40,55,53
C2,A,SC,S,C,61,51,52
C1,B,HS,S,N,81,91,89
C1,B,SC,FR,C,48,56,58
C1,D,MS,S,N,53,61,68
C1,D,SHS,S,N,81,97,96
C1,E,SHS,S,N,77,79,80
C1,D,BS,FR,N,63,73,78
C1,D,AD,S,C,73,75,80
C1,D,SC,S,N,69,77,77
C1,C,AD,S,N,65,76,76
C1,A,HS,S,N,55,73,73
C1,C,BS,FR,N,44,63,62
C1,C,SC,S,N,54,64,65
C1,A,SHS,S,N,48,66,65
C2,C,SC,FR,N,58,57,54
C2,A,SHS,S,N,71,62,50
C2,E,BS,S,N,68,68,64
C1,E,HS,S,N,74,76,73
C1,C,BS,S,C,92,100,99
C1,C,BS,S,C,56,79,72
C2,B,HS,FR,N,30,24,15
C2,A,SHS,S,N,53,54,48
C1,D,HS,S,N,69,77,73
C1,D,SHS,S,N,65,82,81
C1,D,MS,S,N,54,60,63
C1,C,HS,S,N,29,29,30
C1,E,SC,S,N,76,78,80
C2,D,HS,FR,N,60,57,51
C2,D,MS,FR,C,84,89,90
C2,C,SHS,S,N,75,72,62
C1,C,AD,S,N,85,84,82
C1,C,MS,FR,N,40,58,54
C1,E,SC,S,N,61,64,62
C1,B,AD,S,N,58,63,65
C2,D,SC,FR,C,69,60,63
C1,C,SC,S,N,58,59,66
C2,C,BS,S,C,94,90,91
C1,C,AD,S,N,65,77,74
C1,A,AD,S,N,82,93,93
C1,C,HS,S,N,60,68,72
C1,E,BS,S,N,37,45,38
C2,D,BS,S,N,88,78,83
C2,D,MS,S,N,95,81,84
C2,C,AD,FR,C,65,73,68
C1,C,HS,FR,N,35,61,54
C2,B,BS,FR,N,62,63,56
C2,C,HS,FR,C,58,51,52
C2,A,SC,S,C,100,96,86
C1,E,BS,FR,N,61,58,62
C2,D,SC,S,C,100,97,99
C2,B,AD,FR,C,69,70,63
C2,D,AD,S,N,61,48,46
C2,D,SC,FR,N,49,57,46
C1,C,SHS,S,C,44,51,55
C2,D,SC,S,N,67,64,70
C2,B,HS,S,N,79,60,65
C1,B,BS,S,C,66,74,81
C1,C,HS,S,N,75,88,85
C2,D,SHS,S,N,84,84,80
C2,A,HS,S,N,71,74,64
C1,B,HS,FR,C,67,80,81
C1,D,SHS,S,C,80,92,88
C2,E,SC,S,N,86,76,74
C1,D,AD,S,N,76,74,73
C2,D,HS,S,N,41,52,51
C1,D,AD,FR,C,74,88,90
C1,B,SHS,FR,N,72,81,79
C1,E,HS,S,C,74,79,80
C2,B,HS,S,N,70,65,60
C1,B,BS,S,C,65,81,81
C1,D,AD,S,N,59,70,65
C1,E,HS,FR,N,64,62,68
C1,B,HS,S,N,50,53,55
C1,D,SC,S,C,69,79,81
C2,C,SHS,FR,C,51,56,53
C1,A,HS,S,C,68,80,76
C1,D,SC,S,C,85,86,98
C1,A,AD,S,C,65,70,74
C1,B,SHS,S,N,73,79,79
C1,B,SC,S,N,62,67,67
C2,C,AD,FR,N,77,67,64
C2,D,SHS,S,N,69,66,61
C1,D,AD,FR,N,43,60,58
C2,D,AD,S,N,90,87,85
C2,C,SC,FR,N,74,77,73
C2,C,SHS,S,N,73,66,63
C1,D,SC,FR,N,55,71,69
C1,C,HS,S,N,65,69,67
C2,D,AD,S,N,80,63,63
C1,C,SHS,FR,C,50,60,60
C1,C,SC,FR,C,63,73,71
C1,B,BS,FR,N,77,85,87
C2,C,SC,S,N,73,74,61
C2,D,AD,S,C,81,72,77
C1,C,HS,FR,N,66,76,68
C2,D,AD,FR,N,52,57,50
C1,C,SC,S,N,69,78,76
C1,C,AD,S,C,65,84,84
C1,D,HS,S,C,69,77,78
C1,B,SC,S,C,50,64,66
C1,E,SC,S,C,73,78,76
C1,C,SHS,S,C,70,82,76
C2,D,AD,FR,N,81,75,78
C2,D,SC,FR,N,63,61,60
C1,D,HS,S,N,67,72,74
C2,B,HS,S,N,60,68,60
C2,B,HS,S,N,62,55,54
C1,C,SHS,FR,C,29,40,44
C2,B,SC,S,C,62,66,68
C1,E,MS,S,C,94,99,100
C2,E,SC,S,C,85,75,68
C2,D,AD,FR,N,77,78,73
C2,A,HS,FR,N,53,58,44
C2,E,SC,FR,N,93,90,83
C1,C,AD,S,N,49,53,53
C1,E,AD,FR,N,73,76,78
C1,C,BS,FR,C,66,74,81
C1,D,AD,S,N,77,77,73
C1,C,SHS,S,N,49,63,56
C1,D,SC,FR,N,79,89,86
C1,C,AD,S,C,75,82,90
C1,A,BS,S,N,59,72,70
C1,D,AD,S,C,57,78,79
C2,C,HS,FR,N,66,66,59
C1,E,BS,S,C,79,81,82
C1,B,SHS,S,N,57,67,72
C2,A,BS,S,C,87,84,87
C1,D,SC,S,N,63,64,67
C1,B,SHS,FR,C,59,63,64
C2,A,BS,FR,N,62,72,65
C2,D,HS,S,N,46,34,36
C2,C,SC,S,N,66,59,52
C2,D,HS,S,N,89,87,79
C1,D,AD,FR,C,42,61,58
C2,C,SC,S,C,93,84,90
C1,E,SHS,S,C,80,85,85
C1,D,SC,S,N,98,100,99
C2,D,MS,S,N,81,81,84
C1,B,SHS,S,C,60,70,74
C1,B,AD,FR,C,76,94,87
C2,C,AD,S,C,73,78,72
C1,C,AD,S,C,96,96,99
C1,C,HS,S,N,76,76,74
C2,E,AD,FR,C,91,73,80
C1,C,SC,FR,N,62,72,70
C2,D,SHS,FR,C,55,59,59
C1,B,SHS,FR,C,74,90,88
C2,C,HS,S,N,50,48,42
C2,B,SC,S,N,47,43,41
C2,E,SC,S,C,81,74,71
C1,E,AD,S,C,65,75,77
C2,E,SHS,S,C,68,51,57
C1,D,HS,FR,N,73,92,84
C2,C,SC,S,N,53,39,37
C1,B,AD,FR,C,68,77,80
C2,A,SHS,FR,N,55,46,43
C1,C,SC,S,C,87,89,94
C2,D,SHS,S,N,55,47,44
C1,E,SC,FR,N,53,58,57
C2,C,MS,S,N,67,57,59
C2,C,AD,S,N,92,79,84
C1,B,SC,FR,C,53,66,73
C2,D,AD,S,N,81,71,73
C2,C,HS,FR,N,61,60,55
C2,D,BS,S,N,80,73,72
C1,A,AD,FR,N,37,57,56
C1,C,HS,S,N,81,84,82
C1,C,AD,S,C,59,73,72
C2,B,SC,FR,N,55,55,47
C2,D,AD,S,N,72,79,74
C2,D,HS,S,N,69,75,71
C2,C,SC,S,N,69,64,68
C1,C,BS,FR,N,50,60,59
C2,B,SC,S,C,87,84,86
C2,D,SHS,S,C,71,69,68
C2,E,SC,S,N,68,72,65
C2,C,MS,FR,C,79,77,75
C1,C,SHS,S,C,77,90,85
C2,C,AD,FR,N,58,55,53
C1,E,AD,S,N,84,95,92
C2,D,SC,S,N,55,58,52
C2,E,BS,FR,C,70,68,72
C1,D,SC,FR,C,52,59,65
C2,B,SC,S,C,69,77,77
C1,C,HS,FR,N,53,72,64
C1,D,SHS,S,N,48,58,54
C2,D,SHS,S,C,78,81,86
C1,B,HS,S,N,62,62,63
C2,D,SC,S,N,60,63,59
C1,B,HS,S,N,74,72,72
C1,C,HS,S,C,58,75,77
C2,B,HS,S,C,76,62,60
C1,D,SHS,S,N,68,71,75
C2,A,SC,FR,N,58,60,57
C2,B,HS,S,N,52,48,49
C2,D,BS,S,N,75,73,74
C1,B,SHS,FR,C,52,67,72
C1,C,BS,FR,N,62,78,79
C2,B,SC,S,N,66,65,60
C1,B,SHS,FR,N,49,58,55
C1,B,HS,S,N,66,72,70
C1,C,SC,FR,N,35,44,43
C1,A,SC,S,C,72,79,82
C2,E,AD,S,C,94,85,82
C1,D,AD,FR,N,46,56,57
C1,B,MS,S,N,77,90,84
C1,B,HS,FR,C,76,85,82
C1,C,AD,S,C,52,59,62
C2,C,BS,S,C,91,81,79
C1,B,SHS,S,C,32,51,44
C1,E,SHS,FR,N,72,79,77
C1,B,SC,S,N,19,38,32
C2,C,AD,FR,N,68,65,61
C1,C,MS,FR,N,52,65,61
C1,B,HS,S,N,48,62,60
C1,D,SC,FR,N,60,66,70
C2,D,HS,FR,N,66,74,69
C2,E,SHS,S,C,89,84,77
C1,B,HS,S,N,42,52,51
C1,E,AD,FR,C,57,68,73
C2,D,HS,S,N,70,70,70
C1,E,AD,FR,N,70,84,81
C2,E,SC,S,N,69,60,54
C1,C,AD,S,N,52,55,57
C2,C,SHS,S,C,67,73,68
C2,C,SHS,S,C,76,80,73
C1,E,AD,S,N,87,94,95
C1,B,SC,S,N,82,85,87
C1,C,SC,S,N,73,76,78
C2,A,SC,FR,N,75,81,74
C1,D,SC,FR,N,64,74,75
C1,E,HS,FR,N,41,45,40
C2,C,HS,S,N,90,75,69
C2,B,BS,S,N,59,54,51
C2,A,SHS,S,N,51,31,36
C2,A,HS,FR,N,45,47,49
C1,C,MS,S,C,54,64,67
C2,E,SHS,S,C,87,84,76
C1,C,HS,S,N,72,80,83
C2,B,SHS,S,C,94,86,87
C1,A,BS,S,N,45,59,64
C2,D,BS,FR,C,61,70,76
C1,B,HS,FR,N,60,72,68
C1,C,SHS,S,N,77,91,88
C1,A,SHS,S,C,85,90,92
C1,D,BS,FR,N,78,90,93
C2,E,SC,FR,C,49,52,51
C1,B,HS,FR,N,71,87,82
C1,C,SHS,FR,N,48,58,52
C2,C,HS,S,N,62,67,58
C1,C,AD,FR,C,56,68,70
C1,C,SHS,S,N,65,69,76
C1,D,SHS,FR,C,69,86,81
C2,B,SHS,S,N,68,54,53
C1,A,SC,FR,N,61,60,57
C1,C,BS,FR,C,74,86,89
C2,A,BS,S,N,64,60,58
C1,B,HS,S,C,77,82,89
C2,B,SC,S,N,58,50,45
C1,C,HS,S,C,60,64,74
C2,E,HS,S,N,73,64,57
C1,A,HS,S,C,75,82,79
C2,B,AD,FR,C,58,57,53
C1,C,AD,S,N,66,77,73
C1,D,HS,FR,N,39,52,46
C2,C,SHS,S,N,64,58,51
C1,B,HS,FR,C,23,44,36
C2,B,SC,FR,C,74,77,76
C1,D,SHS,FR,C,40,65,64
C2,E,MS,S,N,90,85,84
C2,C,MS,S,C,91,85,85
C2,D,HS,S,N,64,54,50
C1,C,HS,S,N,59,72,68
C2,D,AD,S,N,80,75,69
C2,C,MS,S,N,71,67,67
C1,A,HS,S,N,61,68,63
C1,E,SC,S,N,87,85,93
C2,E,SHS,S,N,82,67,61
C2,C,SHS,S,N,62,64,55
C1,B,BS,S,N,97,97,96
C2,B,SC,FR,N,75,68,65
C1,C,BS,S,N,65,79,81
C2,B,HS,S,C,52,49,46
C2,C,AD,FR,N,87,73,72
C1,C,AD,S,N,53,62,53
C1,E,MS,FR,N,81,86,87
C2,D,BS,FR,C,39,42,38
C1,C,SC,S,C,71,71,80
C2,C,AD,S,N,97,93,91
C2,D,SC,S,C,82,82,88
C2,C,HS,FR,N,59,53,52
C2,B,AD,S,N,61,42,41
C2,E,AD,FR,C,78,74,72
C2,C,AD,FR,N,49,51,51
C2,B,HS,S,N,59,58,47
C1,C,SC,S,C,70,72,76
C2,B,AD,S,C,82,84,78
C2,E,AD,FR,N,90,90,82
C1,C,BS,FR,N,43,62,61
C2,C,SC,FR,N,80,64,66
C2,D,SC,S,N,81,82,84
C2,C,SHS,S,N,57,61,54
C1,D,SHS,S,N,59,72,80
C1,D,AD,S,N,64,76,74
C2,C,BS,S,C,63,64,66
C1,E,BS,S,C,71,70,70
C1,B,HS,FR,N,64,73,71
C2,D,BS,FR,N,55,46,44
C1,E,AD,S,N,51,51,54
C1,C,AD,S,C,62,76,80
C1,E,AD,S,C,93,100,95
C2,C,HS,FR,N,54,72,59
C1,D,SC,FR,N,69,65,74
C2,D,HS,FR,N,44,51,48
C1,E,SC,S,C,86,85,91
C1,E,AD,S,N,85,92,85
C1,A,MS,FR,N,50,67,73
C2,D,SHS,S,C,88,74,75
C1,E,AD,S,N,59,62,69
C1,E,SHS,FR,N,32,34,38
C2,B,HS,FR,N,36,29,27
C1,B,SHS,FR,C,63,78,79
C2,D,AD,S,C,67,54,63
C1,D,SHS,S,C,65,78,82
C2,D,MS,S,N,85,84,89
C1,C,MS,S,N,73,78,74
C1,A,HS,FR,C,34,48,41
C1,D,BS,FR,C,93,100,100
C1,D,SHS,FR,N,67,84,84
C2,D,SC,S,N,88,77,77
C2,B,HS,S,N,57,48,51
C1,D,SC,S,C,79,84,91
C1,C,BS,FR,N,67,75,72
C2,E,BS,S,C,70,64,70
C2,D,BS,FR,N,50,42,48
C1,A,SC,S,N,69,84,82
C1,C,BS,S,C,52,61,66
C1,C,BS,FR,C,47,62,66
C1,B,AD,FR,N,46,61,55
C1,E,SC,S,N,68,70,66
C2,E,BS,S,C,100,100,100
C1,C,HS,S,N,44,61,52
C1,C,AD,S,C,57,77,80
C2,B,SC,S,C,91,96,91
C2,D,HS,FR,N,69,70,67
C1,C,HS,FR,N,35,53,46
C2,D,HS,S,N,72,66,66
C1,B,AD,FR,N,54,65,65
C2,D,HS,FR,N,74,70,69
C2,E,SHS,S,C,74,64,60
C2,E,AD,FR,N,64,56,52
C1,D,HS,FR,C,65,61,71
C2,E,AD,FR,C,46,43,44
C1,C,SHS,FR,N,48,56,51
C2,C,SC,FR,C,67,74,70
C2,D,SC,FR,N,62,57,62
C2,D,AD,FR,C,61,71,73
C2,C,BS,FR,C,70,75,74
C2,C,AD,S,C,98,87,90
C2,D,SC,FR,N,70,63,58
C2,A,AD,S,N,67,57,53
C1,E,HS,FR,N,57,58,57
C2,D,SC,S,C,85,81,85
C2,D,SHS,S,C,77,68,69
C2,C,MS,FR,C,72,66,72
C1,D,MS,S,N,78,91,96
C2,C,HS,S,N,81,66,64
C2,A,SHS,FR,C,61,62,61
C1,B,HS,S,N,58,68,61
C1,C,AD,S,N,54,61,58
C2,B,HS,S,N,82,82,80
C1,D,SC,FR,N,49,58,60
C2,B,SHS,FR,C,49,50,52
C1,E,HS,FR,C,57,75,73
C2,E,HS,S,N,94,73,71
C1,D,SC,S,C,75,77,83
C1,E,SHS,FR,N,74,74,72
C2,C,HS,S,C,58,52,54
C1,C,SC,S,N,62,69,69
C2,E,AD,S,N,72,57,62
C2,C,SC,S,N,84,87,81
C1,D,MS,S,N,92,100,100
C1,D,HS,S,N,45,63,59
C2,C,HS,S,N,75,81,71
C1,A,SC,S,N,56,58,64
C1,D,SHS,FR,N,48,54,53
C1,E,AD,S,N,100,100,100
C1,C,SHS,FR,C,65,76,75
C2,D,SC,S,N,72,57,58
C1,D,SC,S,N,62,70,72
C2,A,SHS,S,C,66,68,64
C2,C,SC,S,N,63,63,60
C1,E,AD,S,N,68,76,67
C1,B,BS,S,N,75,84,80
C1,D,BS,S,N,89,100,100
C2,C,SHS,S,C,78,72,69
C1,A,HS,FR,C,53,50,60
C1,D,SC,FR,N,49,65,61
C1,A,SC,S,N,54,63,67
C1,C,SC,S,C,64,82,77
C2,B,SC,FR,C,60,62,60
C2,C,AD,S,N,62,65,58
C2,D,HS,S,C,55,41,48
C1,C,AD,S,N,91,95,94
C1,B,HS,FR,N,8,24,23
C2,D,SHS,S,N,81,78,78
C2,B,SHS,S,C,79,85,86
C1,A,SC,S,C,78,87,91
C1,C,SHS,S,N,74,75,82
C2,A,HS,S,N,57,51,54
C1,C,AD,S,N,40,59,51
C2,E,SHS,S,C,81,75,76
C1,A,SHS,FR,N,44,45,45
C1,D,SC,FR,C,67,86,83
C2,E,HS,FR,C,86,81,75
C1,B,SHS,S,C,65,82,78
C1,D,AD,FR,N,55,76,76
C1,D,BS,FR,N,62,72,74
C2,A,HS,S,N,63,63,62
C1,E,MS,S,C,88,99,95
C2,C,HS,FR,N,62,55,55
C1,C,HS,FR,C,59,71,65
C1,D,SC,S,C,68,78,77
C1,D,SC,FR,N,77,86,86