company,in_trial,has_signed_up,company_top_500_product_count,company_top_500_request_count,total_substance_request_count_based_on_company_substances,total_substance_offers_count_based_on_company_substances,avg_requests_per_product,market_share_requests,market_request_to_offer_cr
Hanke + Seidel GmbH & Co. KG,No,No,399,326,30437,8255,1,0.01,0.27
AG Chemi Group,No,No,2424,457,29799,8176,0,0.02,0.27
Mikro Teknik Kimyevi Maddeler Lab. Malz. Cihazları San. ve Tic. Ltd Sti.,No,No,174,430,29583,7917,2,0.01,0.27
neoFroxx GmbH,No,Yes,1357,385,29114,7958,0,0.01,0.27
Molekula GmbH,No,Yes,4238,2006,29065,8015,0,0.07,0.24
Penta Italia Export SRL,No,Yes,656,728,28889,7942,1,0.03,0.27
VladaChem GmbH,No,Yes,7656,2231,28625,7205,0,0.08,0.2
Häffner GmbH & Co. KG,No,Yes,833,2894,28348,7853,3,0.1,0.27
Rebain International (NL) B.V.,No,Yes,144,1335,28126,7680,9,0.05,0.27
Rebain International (España) S.L.,No,No,210,409,28126,7680,2,0.01,0.27
Julius Hoesch GmbH & Co. KG,No,Yes,655,330,27682,7743,1,0.01,0.28
ViVoChem B.V.,No,Yes,99,1506,27587,7762,15,0.05,0.28
Centro-Chem,No,Yes,261,1837,27015,7554,7,0.07,0.28
Grüssing GmbH,Yes,No,123,5,26754,6757,0,0,0.25
Swasti Exports,No,No,929,1123,26731,7646,1,0.04,0.28
Traditem GmbH,No,Yes,869,1723,26523,7489,2,0.06,0.28
BÜFA Chemikalien GmbH & Co. KG,No,No,416,1381,26489,7210,3,0.05,0.27
Nilkim Teknik Kimya san.Tic. Limited Şirketi,No,No,160,505,26316,7204,3,0.02,0.27
"OQEMA, s.r.o.",No,No,564,551,26313,7569,1,0.02,0.28
Borma Chemical Products Trading Company B.V.,No,No,252,62,25834,6890,0,0,0.26
Molenhuis BV,No,No,120,13,25782,7305,0,0,0.28
MOLAR bvba,No,No,89,360,25584,6973,4,0.01,0.27
FS DIS TICARET A.S,No,No,115,500,25322,6771,4,0.02,0.27
UAB Oqema,No,No,349,401,24680,7373,1,0.02,0.3
JVS Chemicals SPRL,No,No,114,2,24642,6427,0,0,0.26
CVH Chemie-Vertrieb GmbH & Co. Hannover KG,No,No,172,266,24372,6779,2,0.01,0.28
Trim Teknoloji ve Servis A.S..,No,No,107,342,23630,5840,3,0.01,0.25
Oqema EOOD,No,No,336,269,23620,7196,1,0.01,0.3
OQEMA AG,No,No,623,690,23620,7196,1,0.03,0.3
OQEMA Sp. z o.o.,No,No,337,355,23620,7196,1,0.02,0.3
Novochem Ltd.,No,No,333,61,23620,7196,0,0,0.3
Cenik Chemicals,Yes,Yes,3825,1327,23268,6703,0,0.06,0.25
Preparados Quimicos De Navarra S.L.,No,Yes,190,1881,23207,6793,10,0.08,0.29
VICCOR INDUSTRY,No,No,839,0,22912,6346,0,0,0.27
CFI Wood,Yes,No,31,0,22796,6787,0,0,0.3
OQEMA d.o.o.,No,No,336,221,22666,7033,1,0.01,0.31
Feroce Trading B.V.,No,No,185,35,22594,6374,0,0,0.28
DM Baltic,Yes,No,31,7,21942,6449,0,0,0.29
Yigitoglu Kimya,No,Yes,85,961,21928,6690,11,0.04,0.3
MRM Chemicals SP ZOO,No,No,28,105,21676,6304,4,0,0.29
MAVICHAMP SL,No,No,178,27,21616,6162,0,0,0.28
Apeks Grup,Yes,No,65,6,21423,6141,0,0,0.29
distripark.com Sp. z o.o.,No,Yes,230,2578,21241,6522,11,0.12,0.31
SOC DE PRODUITS CHIMIQUES DE LORRAINE,No,No,87,8,21208,5823,0,0,0.27
STOCKMEIER Chemie GmbH & Co. KG,No,No,48,26,21114,5956,1,0,0.28
Bilgram Chemie GmbH,Yes,No,154,36,20957,6431,0,0,0.31
peri kimya,No,No,52,471,20819,5683,9,0.02,0.27
Bang&Bonsomer Group Oy,Yes,No,100,7,20691,6387,0,0,0.31
Mavi Kimya,No,Yes,72,381,20272,5811,5,0.02,0.29
International Solvent Solutions BV,No,Yes,269,1626,19966,4375,6,0.08,0.22
ANNO Chemicals nv,No,No,155,939,19945,4843,6,0.05,0.24
Elite Chemicals Kimya San.ve Tic.A.S,No,No,72,100,19491,5604,1,0.01,0.29
Syskem Chemie Gmbh,No,No,468,641,19447,4963,1,0.03,0.25
Stand-Chem Kft.,No,No,53,93,19435,4847,2,0,0.25
CORQUIMIA INDUSTRIAL SL,No,Yes,399,357,18929,4994,1,0.02,0.26
A. + E. Fischer-Chemie GmbH Co. KG,No,No,284,632,18808,6041,2,0.03,0.32
STOCKMEIER CHEMICALS BELUX N.V.,No,No,78,16,18536,5197,0,0,0.28
GLI-THERM SP. Z O.O.,No,Yes,67,45,18469,4901,1,0,0.27
Hua-Chem,No,Yes,251,455,18043,4163,2,0.03,0.23
Trading House Energostroyinvest,No,No,163,91,17596,5684,1,0.01,0.32
ALEPH TRADE,Yes,No,38,6,17595,4281,0,0,0.24
Chemist EU,Yes,Yes,108,107,17419,5145,1,0.01,0.29
Perchemicals Kimya Dis Ticaret Ltd Sti,No,Yes,69,72,17176,5095,1,0,0.3
distripark GmbH,No,No,64,105,17143,5368,2,0.01,0.31
Arcane Industries,No,Yes,56,496,17095,5177,9,0.03,0.3
Same Chemicals BV,No,Yes,194,1594,17085,4094,8,0.09,0.24
City Chem Shanghai Limited,No,No,305,197,16929,4639,1,0.01,0.27
Carl Dicke GmbH & Co. KG,Yes,No,43,4,16609,5187,0,0,0.31
Möller Chemie GmbH & Co. KG,No,Yes,194,1133,16297,4000,6,0.07,0.24
Wegochem Europe BV,No,Yes,833,2534,15715,3986,3,0.16,0.24
Top Agrochem,No,No,392,808,15652,3862,2,0.05,0.24
SoleChem Kimya AS,No,Yes,56,162,15547,4309,3,0.01,0.28
Elif Endustriyel Kimyasallari,No,No,55,61,15357,3398,1,0,0.22
ISIK KIMYA,No,No,46,183,15273,4646,4,0.01,0.3
GIRON DE LA MASSUERE,No,No,50,17,15235,4991,0,0,0.33
INTER-HEM DOO,No,No,50,214,14482,4263,4,0.01,0.29
Oxyde Chemicals Europe,No,No,37,0,14439,3769,0,0,0.26
KTM KİMYEVİ MADDELER İTHALAT İHRACAT SAN. VE TİC. A.S.,No,No,39,279,14143,3123,7,0.02,0.22
ARKEM Chemicals,No,Yes,76,513,14024,3469,7,0.04,0.25
K-I Chemicals Europe,No,No,51,0,13798,4539,0,0,0.33
Balthemis,No,No,20,373,13764,3691,19,0.03,0.27
Penta Chemicals,No,Yes,143,362,13577,3174,3,0.03,0.23
Brenntag GmbH,No,No,331,443,13238,2987,1,0.03,0.22
J&K Scientific,No,No,148,203,13137,3125,1,0.02,0.24
Prakash Chemicals International Pvt Ltd,No,No,44,208,13118,3947,5,0.02,0.3
Prakash Chemicals Europe B.V.,No,No,55,184,13118,3947,3,0.01,0.3
KİMYATİC DIŞ TİCARET LTD.ŞTİ,No,Yes,13,198,12964,3458,15,0.02,0.27
Bayegan,No,No,38,0,12775,2858,0,0,0.22
biolla chemicals GmbH,No,Yes,522,1203,12500,3481,2,0.1,0.27
Livchem Logistics GmbH,No,No,4739,1272,12413,3111,0,0.1,0.21
EXPOQUIMXEL – INDÚSTRIA DE PRODUTOS QUÍMICOS LDA,No,No,76,8,12212,3403,0,0,0.28
Quimidroga,No,No,290,95,12189,2648,0,0.01,0.21
Chemical Point Italia s.r.l,No,Yes,9196,716,12139,2601,0,0.06,0.12
Arkem Chemicals,No,No,30,200,11903,2753,7,0.02,0.23
Penpet Petrochemical Trading GmbH,No,No,74,314,11799,3172,4,0.03,0.27
solvadis distribution gmbh,Yes,No,36,104,11518,2453,3,0.01,0.21
Bortech,Yes,No,139,66,11355,2890,0,0.01,0.25
HELM AG,No,No,40,526,11275,2483,13,0.05,0.22
Scandichem DK ApS,Yes,No,18,3,11260,3040,0,0,0.27
"Dmitrievsky Chemical Plant – Production, LLC",No,No,23,78,11180,2889,3,0.01,0.26
Petroxim Chemicals by KNP Endustriyel,No,No,17,66,11001,2775,4,0.01,0.25
ESOLL Sp. z o.o.,No,No,24,47,10999,2467,2,0,0.22
Chemnovatic,No,Yes,46,132,10972,3008,3,0.01,0.27
Tradebe Chemicals,No,No,35,199,10879,2359,6,0.02,0.22
DutCH2 B.V.,No,No,27,25,10823,2741,1,0,0.25
Waves Chemicals,No,No,65,34,10790,2876,1,0,0.27
RUBIN KIMYEVI MADDELER SAN TİC.LTD.ŞTİ,No,Yes,55,283,10783,3647,5,0.03,0.34
Ravago Chemicals Austria GmbH,Yes,No,36,115,10688,2391,3,0.01,0.22
Radchem Sp.zo.o. Sp.K.,No,No,12,62,10593,2340,5,0.01,0.22
GB-Chemie GmbH,No,No,317,573,10176,3031,2,0.06,0.29
Chemark ApS,No,No,38,95,10129,2656,3,0.01,0.26
OQEMA B.V.,No,No,25,165,9911,3472,7,0.02,0.35
Count Energy Distribution Ltd,Yes,No,50,286,9763,2328,6,0.03,0.24
CHMEO TRADING PVT LTD,No,No,58,159,9703,2396,3,0.02,0.25
Pranati Associates,No,No,73,74,9675,3194,1,0.01,0.33
Amon Kimya,No,Yes,19,226,9651,3500,12,0.02,0.36
"UAB ""Transoila""",No,No,14,145,9604,2295,10,0.02,0.24
LA-Solution GmbH,No,No,23,170,9565,2050,7,0.02,0.21
MCW Müller Chemikalien Wertstoffe GmbH,No,No,20,197,9526,2718,10,0.02,0.29
STOCKMEIER Química S.L.U.,No,No,121,23,9467,2463,0,0,0.26
Sade Chemical,No,No,33,106,9388,2234,3,0.01,0.24
Tricura GmbH & Co.KG,No,No,103,267,9316,3206,3,0.03,0.34
Vichemic Industries,No,No,64,278,9312,2270,4,0.03,0.24
ProComm Chemicals Ltd,No,No,13,155,9247,2378,12,0.02,0.26
Rozachim JSC,No,No,42,179,9237,1978,4,0.02,0.21
Foodcom S.A.,Yes,No,47,31,9227,2825,1,0,0.3
"ZÜLFİKARLAR HOLDİNG, AKÇA KİMYA",Yes,No,27,9,9170,2657,0,0,0.29
HECCKEM Kimyevi Mad. İth.İhr. San. ve Tic. A.Ş.,No,No,88,261,9126,2294,3,0.03,0.25
Chimica del Lazio srl,No,No,13,69,9071,2184,5,0.01,0.24
TIGA Chemicals,Yes,No,46,7,9000,3132,0,0,0.35
OQEMA GmbH,No,Yes,122,0,8793,2201,0,0,0.25
KESVI MAXIPLE LLP,No,No,174,199,8763,2971,1,0.02,0.33
Yelken Kimya Ith. Ihr. San. ve Tic. Ltd. Sti.,Yes,No,19,79,8719,2636,4,0.01,0.3
CHEMSOLL,No,No,26,77,8386,3245,3,0.01,0.39
Ralin B.V.,No,No,52,40,8318,1858,1,0,0.22
Grafapol,No,No,14,137,8296,1902,10,0.02,0.23
Elchemy (Bizinbiz Technologies Private Limited),No,No,20,5,8097,2118,0,0,0.26
SIMP - Importazione Materie Prime S.p.A.,Yes,No,16,29,8079,1859,2,0,0.23
STERA CHEMICALS SRL,No,Yes,25,222,7956,2042,9,0.03,0.26
Solberg Industri AS,No,No,17,37,7875,2106,2,0,0.27
Stea s.r.l.,No,No,36,171,7855,1742,5,0.02,0.22
BTC Europe GmbH,No,Yes,1139,811,7853,1925,1,0.1,0.23
Narchemicals Kimyevi Mad. San. Tic. Ltd. Sti.,No,No,49,234,7790,2263,5,0.03,0.29
ZGK GÖKŞİN KİMYA AŞ,No,Yes,19,26,7775,2957,1,0,0.38
HARKE Chemicals GmbH,No,No,42,346,7767,2256,8,0.04,0.29
Afiva LLC,No,No,11,26,7702,2161,2,0,0.28
Jebsen & Jessen Chemicals GmbH,No,Yes,18,14,7697,2310,1,0,0.3
PETROL KİMYA SAN. VE TİC. A.Ş.,No,No,34,65,7686,1725,2,0.01,0.22
Morkim Kimya,Yes,No,12,8,7655,1707,1,0,0.22
Halogens,No,No,24,43,7635,2316,2,0.01,0.3
BOC Sciences,No,No,2017,180,7606,1837,0,0.02,0.19
Phoenix Chemicals Trading Sp.z o.o.,No,No,21,0,7546,1759,0,0,0.23
MRV Mineral- und Rohstoffvertrieb GmbH,No,No,11,58,7545,1928,5,0.01,0.26
IntraChem Limited,No,Yes,21970,872,7517,1945,0,0.12,0.07
Xin Ji Da Pte Ltd,No,No,63,130,7495,1817,2,0.02,0.24
Castor International B.V.,No,No,74,480,7386,2022,6,0.06,0.27
Evolutics International Pvt. Ltd.,No,No,58,16,7264,2851,0,0,0.39
WOCHEM KİMYA LİMİTED ŞİRKETİ,No,No,34,191,7240,2172,6,0.03,0.3
Transmare CHEMIE,No,No,105,37,7192,1576,0,0.01,0.22
Emertle Chemical Solutions,No,No,13,57,7145,1779,4,0.01,0.25
WTB Rohstoff,No,Yes,98,253,7143,1892,3,0.04,0.26
ACUSAS KİMYA DIŞ TİCART LİMİTED ŞİRKETİ,No,No,14,21,7021,1882,2,0,0.27
LabKontor GmbH,No,Yes,333,105,6979,1765,0,0.02,0.24
"Attilio Carmagnani ""AC""S.p.A.",Yes,No,17,9,6944,1620,1,0,0.23
LEADCHEM Kimya San.ve Tic. A.Ş.,No,No,14,55,6935,1751,4,0.01,0.25
AMBERES CHEMICAL,No,No,24,96,6919,1709,4,0.01,0.25
B.K.M. DANISMANLIK VE SOSYAL HIZMETLER TEKSTIL SANAYI TLS,No,No,19,116,6877,2935,6,0.02,0.43
NOVA GROUP ENDÜSTRİ KİMYA İTHALAT İHRACAT SAN. TİC. LTD. ŞTİ.,Yes,No,5,1,6837,2217,0,0,0.32
Lily Chemicals Ltd,No,No,40,30,6798,1852,1,0,0.27
"Greenflow Chemicals, Lda",No,No,11,8,6738,1677,1,0,0.25
Bodotex A/S,No,No,48,216,6652,1846,5,0.03,0.28
Lebon,No,No,32,47,6603,1947,1,0.01,0.29
GOLDEN WAY İNTERNATİONAL İTHALAT İHRACAT VE İŞDANIŞMANLIĞI LİMİTED ŞİRKETİ,No,No,9,112,6492,1865,12,0.02,0.29
AYT ENDUSTRIYEL KIMYA SANAYI TICARET,Yes,No,11,0,6421,2087,0,0,0.32
Beckmann-Kenko GmbH,No,Yes,232,557,6380,1427,2,0.09,0.22
Chemische Fabrik Wocklum Gebr. Hertin GmbH & Co. KG,No,No,29,61,6233,1653,2,0.01,0.27
AS İLERİ GIDA MUHENDISLIK INSAAT SAN. VE TIC. LTD. STI,No,No,54,23,6186,1692,0,0,0.27
Polyment GmbH,No,Yes,141,148,6176,1461,1,0.02,0.24
NOVİNİ KİMYA LİMİTED ŞİRKETİ,Yes,No,35,5,6168,1283,0,0,0.21
CNI Kft,No,No,16,58,6069,1518,4,0.01,0.25
Barcelonesa De Drogas Y Productos Quimicos,No,No,17,0,5979,1351,0,0,0.23
Oxea,No,No,18,42,5938,1606,2,0.01,0.27
Greyhound Chromatography and Allied Chemicals Ltd,No,No,50,320,5925,1436,6,0.05,0.24
BRC PLUS DIS TICARET VE DANISMANLIK HIZMETLERI LIMITED SIRKETI,No,Yes,24,64,5831,1298,3,0.01,0.22
BRENNTAG KIMYA TIC.LTD.ŞTI.,No,No,56,22,5808,1230,0,0,0.21
VELVA PC,No,No,16,2,5761,1128,0,0,0.2
CANTON LABORATORIES PVT. LTD,No,No,574,820,5744,1701,1,0.14,0.29
Kah Research Chem,No,No,6,0,5740,1078,0,0,0.19
BG AGROCHEM COMPANY LIMITED,Yes,No,23,30,5665,2451,1,0.01,0.43
Arpadis Benelux NV,No,No,129,263,5599,1451,2,0.05,0.25
Хим Органик,No,No,6,0,5577,1332,0,0,0.24
vevet chemicals,No,No,6,0,5551,2035,0,0,0.37
Irmak Kimya,No,No,7,43,5515,1668,6,0.01,0.3
Yeğenler Kimya,No,No,14,64,5425,1242,5,0.01,0.23
COSMER KİMYA SAN VE TİC A.Ş.,No,No,54,74,5406,1156,1,0.01,0.21
AROGREEN S.L.,Yes,No,387,0,5403,1521,0,0,0.27
Latro Kimya,No,No,149,55,5333,1547,0,0.01,0.29
Superior Spirits Ltd,No,No,5,113,5290,1195,23,0.02,0.23
Chemical Technologies SIA,No,No,253,954,5267,1202,4,0.18,0.23
TEHNO-CHEM DOO,No,No,15,62,5250,1581,4,0.01,0.3
Aldeco Krup SL - Bao Chemicals,No,Yes,20,63,5249,1275,3,0.01,0.24
Azelis Deutschland Kosmetik GmbH,No,No,42,95,5246,1647,2,0.02,0.31
Molkem Chemicals Pvt. Ltd,No,No,1049,151,5232,1352,0,0.03,0.23
PCC Trade & Services GmbH,No,No,86,130,5105,1137,2,0.03,0.22
Perfecta Chemie International BV,No,No,10,0,5096,1209,0,0,0.24
Mosselman SA,No,No,458,1141,4999,1341,2,0.23,0.26
Reys Portugal,No,No,18,82,4911,1389,5,0.02,0.28
LIQUICHEM Handelsgesellschaft mbH,No,No,20,53,4905,992,3,0.01,0.2
Distona AG,No,Yes,59,85,4904,1305,1,0.02,0.26
Ocean RMC Madencilik Ithalat Ihracat Sanayi Ve Ticaret Anonim Sirketi,No,No,23,18,4899,1583,1,0,0.32
PUHP Solvent Export-Import M.M.Cichońscy Sp.j.,No,No,10,27,4889,1023,3,0.01,0.21
Pentagon chemicals,No,No,20,174,4865,1428,9,0.04,0.29
"HENAN GP CHEMICALS CO.,LTD",No,No,6,0,4835,1048,0,0,0.22
Fast Counterfeit Ssd Home,No,No,6,0,4756,1096,0,0,0.23
East Harbour Group Ltd,No,No,48,160,4741,1300,3,0.03,0.27
RENICHEM SL,No,No,19,102,4738,1232,5,0.02,0.26
Gri Beyaz,No,Yes,191,150,4694,1432,1,0.03,0.3
Echemi Solutions GmbH,No,No,132,575,4612,1373,4,0.12,0.29
STS Group Chemicals,No,No,75,233,4555,1433,3,0.05,0.31
Bisila Brad,No,No,6,0,4396,794,0,0,0.18
Acril - Nova srl,No,Yes,59,91,4361,796,2,0.02,0.18
anatolia kimya,No,No,10,101,4359,1940,10,0.02,0.44
RBH LTD,Yes,No,29,10,4348,955,0,0,0.22
Dr. Felix Jäger Chemikalienhandel,No,No,9,17,4330,1587,2,0,0.37
Ektoni Hulgikaubandus OÜ,No,No,6,45,4324,1187,8,0.01,0.27
Scotswood Chemicals Ltd,No,No,16,64,4283,1869,4,0.01,0.44
ROYAL SERA EKİPMANLARI,No,No,8,20,4247,1875,3,0,0.44
Kowa Europe GmbH,No,No,432,378,4235,995,1,0.09,0.22
Alma International Trade,No,No,10,9,4102,1213,1,0,0.3
Fluechem Limited,No,No,3,32,4078,1347,11,0.01,0.33
Fortuna Kimya Mum. Tic. Ltd. Sti.,No,No,11,84,4078,1347,8,0.02,0.33
Sümer Petrokimya,No,No,38,21,4078,1347,1,0.01,0.33
SENOL Sp. z o.o,No,No,6,6,4048,1186,1,0,0.29
SYNSOL AG,Yes,No,14,37,4031,1387,3,0.01,0.34
Mpatoam Metal Miners Gh Ltd,No,No,4,0,3995,1005,0,0,0.25
Garzanti Specialties SpA,No,Yes,105,274,3991,1071,3,0.07,0.27
CFI World,No,No,2,44,3948,1045,22,0.01,0.26
NEO Chemical,No,No,132,50,3948,1045,0,0.01,0.26
TER Chemicals – BU Performance Chemicals,No,No,10,18,3948,1045,2,0,0.26
Krada CPS Industry S.L.,No,No,29,0,3939,1293,0,0,0.33
Orta Doğu petrokimya sanayi,No,No,4,0,3931,1022,0,0,0.26
TER Chemicals – BU Life Science,No,No,62,83,3898,824,1,0.02,0.21
Vollmer Chemie Vertriebs-GmbH,No,Yes,16,113,3897,1118,7,0.03,0.29
KSAN SIA,No,No,8,29,3881,1049,4,0.01,0.27
Addi-tec Ltd,No,No,59,67,3873,983,1,0.02,0.25
4CR International GmbH & CO KG,No,No,293,155,3870,608,1,0.04,0.16
Alesta Trade İç ve Dış Ticaret AŞ,No,No,5,62,3827,740,12,0.02,0.19
BRC Kimyevi Maddeler Sanayi Ticaret A.Ş.,No,No,4,22,3801,1061,6,0.01,0.28
Perechyn Timber Chemical Plant,No,No,7,22,3790,987,3,0.01,0.26
Günkem Gündüz Kimyevi Maddeler İthalat Sanayi ve Ticaret A.Ş.,No,Yes,79,381,3784,737,5,0.1,0.19
chemiekontor.de,No,No,27,276,3728,1090,10,0.07,0.29
Chimtex Ltd.,No,No,25,29,3714,1128,1,0.01,0.3
Vink Chemicals GmbH & Co. KG,No,Yes,151,185,3706,609,1,0.05,0.16
POLSKI KONCERN NAFTOWY ORLEN S.A.,No,Yes,6,47,3672,945,8,0.01,0.26
TEFNAR,No,No,7,4,3601,631,1,0,0.18
Kalichem srl,No,No,78,46,3557,1246,1,0.01,0.35
Benet Dış Ticaret Ltd. Şti.,No,No,5,10,3526,1004,2,0,0.28
VETTÓ Kft,No,No,7,24,3515,1063,3,0.01,0.3
AUTOCLEAR CHEMICALS LABORATORY,No,No,3,0,3488,930,0,0,0.27
GM,No,No,5,33,3476,850,7,0.01,0.24
Necm kimya Biorad,No,No,2,0,3476,850,0,0,0.24
Crafted Spirits,No,No,3,53,3476,850,18,0.02,0.24
Lansin,No,No,2,11,3476,850,6,0,0.24
ECKART GmbH,No,No,108,6,3476,850,0,0,0.24
Kanami d.o.o,No,No,5,165,3476,850,33,0.05,0.24
Novasol Chemicals,No,Yes,71,135,3475,858,2,0.04,0.24
gokgroup polymer,No,No,4,0,3436,1072,0,0,0.31
Gujarat Metals And Chemicals Company,No,No,10,40,3422,987,4,0.01,0.29
Lesun Chemicals B.V.,No,No,6,0,3401,1027,0,0,0.3
Mitsui & Co. Deutschland GmbH,No,Yes,10,119,3401,1027,12,0.03,0.3
GLOBAL EXPRO,No,No,18,119,3330,902,7,0.04,0.27
Soyventis Europe B.V.,No,Yes,26,45,3318,976,2,0.01,0.29
A-Sense Sp. z.o.o.,No,No,22,5,3318,976,0,0,0.29
Tera Organics,No,No,8,8,3278,668,1,0,0.2
Chemos GmbH & Co.KG,No,No,17,124,3244,1145,7,0.04,0.35
VAN DIEMEN CHEMICALS B.V.,No,No,3,0,3220,1075,0,0,0.33
Vohler Chemicals,Yes,No,12,16,3220,1075,1,0,0.33
Chemicalbull Pvt Ltd,No,No,246,0,3204,656,0,0,0.19
www.malaysiachemicalexporters.com,No,No,2,0,3170,931,0,0,0.29
ALDROIN SL,No,No,17,279,3166,997,16,0.09,0.31
SPEX GROUP SP.Z O.O.,No,No,4,0,3159,591,0,0,0.19
Newport Industries Ltd,No,No,11,27,3147,884,2,0.01,0.28
Konimpex Chemicals Sp. z o.o.,No,No,64,114,3137,733,2,0.04,0.23
Cellmark France SAS,Yes,No,19,0,3123,971,0,0,0.31
BJ Tricardos SA,No,Yes,5,17,3123,971,3,0.01,0.31
Seralgaz Industrial and Medical Gases Corp.,No,No,4,28,3112,1689,7,0.01,0.54
VA Trade GmbH,No,No,3,23,3112,1689,8,0.01,0.54
SINOPEC Chemical Commerical holding HONGKONG,No,No,26,32,3071,637,1,0.01,0.21
Nortex  Chemical LLC (Ukraine),No,No,22,28,3065,545,1,0.01,0.18
Sopolimerprom LLC,No,No,5,14,3044,849,3,0,0.28
LA.C.S.A Srl,No,No,9,0,3038,977,0,0,0.32
Sayverse Dış Ticaret A.Ş.,No,No,6,0,3038,977,0,0,0.32
United Trading System Scandinavia AB,No,No,11,10,3011,831,1,0,0.28
GRANUDAN RELEASE COATS,No,No,5,9,3002,709,2,0,0.24
KLINTENSIV,No,No,4,0,3002,709,0,0,0.24
Medi-clean technologies,No,No,3,0,3002,709,0,0,0.24
DOUBLE D GROUP LTD.,No,No,11,0,3002,709,0,0,0.24
Viet Nam Minerals Powder CO Jsc,No,No,3,0,2850,493,0,0,0.17
IMPAG AG,No,Yes,322,100,2850,493,0,0.04,0.16
IMPAG Import GmbH,No,No,109,250,2850,493,2,0.09,0.17
widmann solutions GmbH,Yes,No,46,163,2850,493,4,0.06,0.17
KESVI MARKETING PRIVATE LIMITED,Yes,No,4,12,2846,1548,3,0,0.54
Omya Calcita,No,No,15,16,2830,574,1,0.01,0.2
Brenntag Central & Eastern Europe and Balkan,No,No,312,50,2830,574,0,0.02,0.2
Brenntag Iberia and Italy,No,No,228,58,2830,574,0,0.02,0.2
Meridian Colour UK Ltd.,No,No,4,4,2799,1588,1,0,0.57
KH Boddin GmbH,Yes,No,22,1,2784,550,0,0,0.2
Vedra S.R.L.,No,No,3,35,2772,836,12,0.01,0.3
Fagron sp. z o.o,No,No,2,34,2766,866,17,0.01,0.31
OOO SIBUR,No,No,393,184,2763,536,0,0.07,0.19
"XinHuiHong International Co., Ltd.",No,No,6,0,2743,553,0,0,0.2
URLI Sp z o.o. (ibioteq),No,No,4,29,2730,810,7,0.01,0.3
ALMAWATECH GmbH,No,No,14,0,2727,839,0,0,0.31
DCM Shriram Ltd,No,No,3,5,2727,839,2,0,0.31
Nobian Industrial Chemicals BV,No,No,4,41,2727,839,10,0.02,0.31
Ursa Sanayi Hammaddeleri Ltd. Şti.,No,No,35,128,2683,524,4,0.05,0.19
ADKGROUP Mühendislik İç ve Dış Ticaret Ltd. Şti.,No,No,9,6,2660,771,1,0,0.29
"Zhejiang ZETian Fine Chemicals Co.,Ltd",Yes,Yes,2037,151,2649,830,0,0.06,0.18
Libra Speciality Chemicals,No,No,66,73,2649,830,1,0.03,0.31
Teknova Matbaacilik Kimya Sanayi ve Ticaret A. Ş.,No,No,10,15,2647,468,2,0.01,0.18
Yenipınar kimya ltd.şti,No,No,99,17,2647,468,0,0.01,0.18
KRENDALL srl,No,Yes,201,221,2647,468,1,0.08,0.17
IRISEM,No,No,14,0,2647,468,0,0,0.18
Sheri Trading Co,No,No,157,266,2647,468,2,0.1,0.17
Kimteks Kimya Tekstil ürünleri Tic. A.S.,No,No,8,124,2647,468,16,0.05,0.18
Soujanya Colors,No,No,27,10,2647,468,0,0,0.18
Harold Scholz & Co. GmbH,No,No,80,205,2647,468,3,0.08,0.18
Mercur Handel GmbH,No,Yes,66,393,2595,737,6,0.15,0.28
"CIMAI - Engenharia e Química Avançada, Unipessoal Lda",No,No,2,14,2557,1152,7,0.01,0.45
Wolf Niemz - Ätherische Öle,No,Yes,1092,86,2555,429,0,0.03,0.12
Lapointe Gıda İth. İhr. ve Tic. Ltd. Şti.,No,No,3,37,2553,762,12,0.01,0.3
Klaus Busche Chemie GmbH,No,No,37,46,2343,740,1,0.02,0.31
INTERPUR CHEMICALS S.L.U,No,No,69,165,2296,470,2,0.07,0.2
HRS KİMYA,Yes,No,26,5,2288,1235,0,0,0.53
Performance Lubricants,No,No,26,92,2218,491,4,0.04,0.22
S. Goldmann GmbH & Co. KG,Yes,No,241,17,2218,632,0,0.01,0.27
"Shijiazhuang Xinlongwei Chemical Co., Ltd.",No,No,6,0,2191,489,0,0,0.22
Inmost Invest,No,No,1,0,2172,744,0,0,0.34
Otto Brandes GmbH,No,No,72,26,2172,744,0,0.01,0.33
Saluna srls,No,No,1,0,2172,744,0,0,0.34
Arab association for chemicals & detergents - Arab chemical,No,No,1,0,2172,744,0,0,0.34
Chemical Elements GmbH,Yes,Yes,3,1,2172,744,0,0,0.34
BR CONSTRUCTION . CO,No,No,1,0,2172,744,0,0,0.34
2M-SOLUTION GmbH,Yes,Yes,8,6,2172,744,1,0,0.34
Urealab,No,No,1,0,2172,744,0,0,0.34
YARD,No,No,1,0,2172,744,0,0,0.34
Ortega Ubeda SL,No,No,1,0,2172,744,0,0,0.34
Polbalt sp. z o. o.,No,No,2,44,2172,744,22,0.02,0.34
HMA GLOBAL ENERGY TRADING LLC,No,No,1,0,2172,744,0,0,0.34
Strongblue A/S,No,No,2,0,2172,744,0,0,0.34
Milca Baltija UAB,No,No,2,0,2172,744,0,0,0.34
ELM Kimya A.S.,No,Yes,68,120,2172,744,2,0.06,0.34
TechnoSpetsTrading,No,No,1,0,2172,744,0,0,0.34
Azimut Investments LTD - Italy,Yes,No,1,8,2172,744,8,0,0.34
Poko Resurses,No,No,2,0,2172,744,0,0,0.34
Azin Supply Dynamic Co.,No,No,1,0,2172,744,0,0,0.34
SmartRo Concept Industrial,No,No,1,0,2172,744,0,0,0.34
M.A.K. Germany GmbH,No,No,2,23,2172,744,12,0.01,0.34
LaMagna GmbH,No,No,1,19,2172,744,19,0.01,0.34
EU AVIATION TECHNOLOGIES B.V.,No,No,1,13,2172,744,13,0.01,0.34
Kostov smarthome GmbH,No,No,1,0,2172,744,0,0,0.34
Petroroma,No,No,1,49,2172,744,49,0.02,0.34
SIDRE,No,No,1,0,2172,744,0,0,0.34
"Beijing KangpuHuiwei Technology Co., Ltd.",No,No,2,0,2172,744,0,0,0.34
DOST TRADE DIŞ TİCARET LTD . ŞTİ,No,No,1,27,2172,744,27,0.01,0.34
CNTR INTERNATONAL,No,No,1,0,2172,744,0,0,0.34
Greenforest,No,No,1,0,2172,744,0,0,0.34
BEKATA EXPORT IMPORT İNŞ. SAN. VE DIŞ TİC. LTD. ŞTİ.,No,No,4,20,2172,744,5,0.01,0.34
ARGUS GROUP LOJISTIK GEMI YAPIMI VE DANISMANLIK HIZMETLERI ANONIM SIRKETI,No,No,1,2,2172,744,2,0,0.34
TUE HANDEL GMBH,No,No,1,0,2172,744,0,0,0.34
SJV,No,No,1,0,2172,744,0,0,0.34
MUMTAZ PETROASİA ITHALAT IHRACAT KİMYA SAN. VE TİC. LTD. ŞTİ,No,No,3,9,2172,744,3,0,0.34
Excellerise Solutions AB,No,No,1,0,2172,744,0,0,0.34
GETEC PARK SWISS AG,No,No,6,56,2134,511,9,0.03,0.24
Protech Enterprise UK,No,No,2,0,2134,511,0,0,0.24
Blended Products Ltd,Yes,No,19,5,2130,561,0,0,0.26
Connect Chemicals GmbH,No,Yes,309,621,2108,508,2,0.29,0.21
Unitrade Corporation,No,No,1,1,2089,402,1,0,0.19
jowo chemie GmbH,No,No,1,24,2089,402,24,0.01,0.19
Eplaks Makina Kim.Mad.Ve İTH.İHR.LTD.STİ,No,No,3,25,2089,402,8,0.01,0.19
Xian Foreign Trade And Economic Development Corp.,No,No,15,0,2089,402,0,0,0.19
"Hebei Guanlian New Material Co.,Ltd.",No,No,1,0,2089,402,0,0,0.19
"hebeisenfeng new materials technology co.,ltd",No,No,1,0,2089,402,0,0,0.19
Keyser&Mackay Poland Sp. z o.o.,No,No,9,36,2089,402,4,0.02,0.19
EKLINGJEE POLYMERS PVT. LTD.,No,No,13,0,2089,402,0,0,0.19
DKSH,No,No,10,53,2089,402,5,0.03,0.19
AISAKOS SA,No,No,1,7,2089,402,7,0,0.19
HCD Chemie Distribution GmbH,No,No,2,2,2089,402,1,0,0.19
Itaprochim SRL,No,No,32,16,2089,402,1,0.01,0.19
KRAHN CHEMIE POLSKA Sp. z o.o.,No,No,3,11,2089,402,4,0.01,0.19
Krahn Chemie Deutschland GmbH,No,No,3,10,2089,402,3,0,0.19
LG Hemija d.o.o.,No,No,28,129,2089,402,5,0.06,0.19
Nigtas AS,No,No,43,52,2089,402,1,0.02,0.19
Cinkarna Celje d.d.,No,Yes,14,14,2089,402,1,0.01,0.19
Titandix Vertriebs GmbH,No,No,12,236,2089,402,20,0.11,0.19
KEYSER MACKAY FRANCE ET COMPAGNIE,No,No,10,36,2089,402,4,0.02,0.19
GUIHUA CHEMICAL  LTD,No,No,16,35,2089,402,2,0.02,0.19
Smart Invest Holdings Limited,No,No,2,0,2089,402,0,0,0.19
"Dochem Nanjing International Co., Ltd.",No,No,1,0,2089,402,0,0,0.19
Marsilya Kimya Limited,Yes,No,12,2,2089,402,0,0,0.19
"Cales de Llierca, S.A.",No,No,9,55,2089,402,6,0.03,0.19
CONSTAB Polyolefin Additives GmbH,No,No,5,24,2089,402,5,0.01,0.19
CHEMION AG,No,No,10,44,2089,402,4,0.02,0.19
WhitChem Limited,No,No,33,29,2089,402,1,0.01,0.19
Alfred Kochen GmbH & Co. KG,No,No,24,82,2089,402,3,0.04,0.19
Artigum GmbH,No,No,96,173,2025,419,2,0.09,0.2
Cosphatec GmbH,No,No,92,30,1926,591,0,0.02,0.3
UAB Parchemika,No,No,5,55,1926,591,11,0.03,0.31
Mac World Industries Ltd,No,No,25,151,1926,591,6,0.08,0.3
AGRİ BEST GIDA TARIM İTHALAT İHRACAT SANAYİ VE TİCARET LİMİTED ŞİRKETİ,Yes,No,1,0,1906,603,0,0,0.32
JSC KAUSTIK,No,No,2,27,1906,603,14,0.01,0.32
Yıldız Group Kimya Kozmetik San.ve Tic.Ltd.Şti,No,No,1,0,1906,603,0,0,0.32
Test Migration 13 Aug,No,No,1,0,1906,603,0,0,0.32
Balsa Petrokimya Ticaret Ltd.Sti.,No,No,1,1,1906,603,1,0,0.32
Ertek Kimya Tic. A.Ş.,No,No,3,10,1906,603,3,0.01,0.32
Ameen delivery service,No,No,1,0,1906,603,0,0,0.32
Kaustik Europe B.V.,No,No,8,62,1906,603,8,0.03,0.32
Petro green,No,No,1,0,1906,603,0,0,0.32
Biachem Ltd,Yes,No,2,1,1906,603,1,0,0.32
JAIN ACID AND CHEMICALS,No,No,1,0,1906,603,0,0,0.32
Adityapur Dies,No,No,7,13,1906,603,2,0.01,0.32
Polpet Chemical,No,No,1,0,1906,603,0,0,0.32
METATEX KUMAŞ HAMMADDE SANAYİ TİC. A.Ş.,No,No,2,0,1906,603,0,0,0.32
Metro Trade Chem,No,No,2,0,1906,603,0,0,0.32
LLC DRAKENBERG Gmbh,No,No,1,0,1906,603,0,0,0.32
Arotco GmbH (haftungsbeschränkt),No,No,1,2,1906,603,2,0,0.32
DISACHIM,No,No,4,22,1906,603,6,0.01,0.32
Şanlıgazi - Mehmet Özdemir Şanlıgazi Temizlik Malzemeleri,No,No,1,10,1906,603,10,0.01,0.32
Atul Europe Ltd,No,No,10,33,1906,603,3,0.02,0.32
Advaith traders,No,No,1,0,1906,603,0,0,0.32
SYNERGY COMMODITIES LTD,No,No,1,12,1906,603,12,0.01,0.32
Covestro Deutschland AG,No,No,4,29,1906,603,7,0.02,0.32
EMB COMMODITIES UK LTD,No,No,1,0,1906,603,0,0,0.32
trust Circle for chemicals co,No,No,3,0,1906,603,0,0,0.32
Jebsen & Jessen Life Science Gmbh,No,No,28,212,1902,669,8,0.11,0.35
Chime S.p.A.,No,No,10,39,1902,669,4,0.02,0.35
Innua Europe Ltd,No,No,33,259,1859,643,8,0.14,0.34
Midas Pharma GmbH,No,No,11,7,1859,643,1,0,0.34
BestChem GmbH,No,No,1,0,1859,643,0,0,0.35
chem 2004 cv,No,No,2,0,1859,643,0,0,0.35
Toliman OY,No,No,1,14,1859,643,14,0.01,0.35
Gama (York) Ltd,No,No,2,30,1859,643,15,0.02,0.35
Polymono Intelligence Technology GmbH,No,No,1,0,1859,643,0,0,0.35
Bozzetto Group,No,No,13,45,1859,643,3,0.02,0.34
LLC UMANHIMTRADE Ukraine,No,No,6,38,1859,643,6,0.02,0.35
SIA Tempokem,No,No,29,24,1859,643,1,0.01,0.34
RAVAGO CHEMICALS UKRAINE LLC,No,No,2,18,1859,643,9,0.01,0.35
Intumescent Chemcials,No,No,1,3,1859,643,3,0,0.35
Ahmet alkan mühendislik ithalat ihracat ltd şti,No,No,3,0,1806,1178,0,0,0.65
GASES RESEARCH INNOVATION AND TECHNOLOGY,No,No,8,13,1693,341,2,0.01,0.2
Wembley Chemicals and Supplies LTD,No,No,23,20,1627,324,1,0.01,0.2
Vega Stividors LLC,No,No,1,5,1617,207,5,0,0.13
"LLC ""ORGANIC-DNEPR""",No,No,1,0,1617,207,0,0,0.13
Химпищеаромат (Khimpishchearomat LLC),No,No,4,28,1617,207,7,0.02,0.13
SIV Servicios Integrales Vicinay SA,No,No,1,0,1617,207,0,0,0.13
Kalsnava Distillery,No,No,1,0,1617,207,0,0,0.13
seven deuce trading GmbH,No,No,2,24,1617,207,12,0.01,0.13
Eksotein GmbH,No,No,1,0,1617,207,0,0,0.13
AkikoBG,No,No,1,0,1617,207,0,0,0.13
JSC Kurana,Yes,No,1,19,1617,207,19,0.01,0.13
Blutizer Chemicals and Cosmetics Ltd,No,No,1,6,1617,207,6,0,0.13
DC DruckChemie GmbH,No,No,1,7,1617,207,7,0,0.13
Yillar Madencilik iç ve dış tic san ltd şti.,No,No,1,0,1617,207,0,0,0.13
CRYSTALLINE CHEMICAL INDUSTRIES,No,No,1,0,1617,207,0,0,0.13
Cristalco Suisse SA,No,Yes,8,8,1617,207,1,0,0.13
Kraul & Wilkening u. Stelling GmbH,Yes,No,2,4,1617,207,2,0,0.13
Agro-Plon,No,No,1,0,1617,207,0,0,0.13
FREE FLUID LTD,No,No,3,49,1617,207,16,0.03,0.13
HM Industrieservice GmbH,No,No,1,10,1617,207,10,0.01,0.13
BEL Sp. z o.o,No,No,4,34,1617,207,9,0.02,0.13
Healthguard Hygiene Limited,No,No,3,0,1617,207,0,0,0.13
L. Brüggemann GmbH & Co. KG,No,No,11,15,1617,207,1,0.01,0.13
Caramba Bremen GmbH,No,No,1,6,1617,207,6,0,0.13
Carolus Chemical GmbH,No,Yes,105,21,1617,207,0,0.01,0.13
ALCON CIA DE ALCOOL CONCEICAO DA BARRA,No,No,1,10,1617,207,10,0.01,0.13
VIN.S. Industries Ltd,No,No,2,6,1617,207,3,0,0.13
Alcotra Europe SA,No,No,4,56,1617,207,14,0.03,0.13
"Thanapom Chemical Co .,ltd",No,No,9,0,1615,429,0,0,0.26
Faravelli GmbH,No,No,251,260,1615,429,1,0.16,0.25
Eco-Dec,No,No,1,2,1542,384,2,0,0.25
BRENNA SRL,No,No,1,0,1542,384,0,0,0.25
Chemhouse,No,No,1,0,1542,384,0,0,0.25
WESP KFT,No,No,3,9,1542,384,3,0.01,0.25
Adakan Chemical Group,Yes,No,1,0,1542,384,0,0,0.25
EKOS-1,No,No,10,0,1542,384,0,0,0.25
FMT Medical Store,No,No,3,0,1515,259,0,0,0.17
Sterilco sp. z o.o.,No,No,5,8,1489,402,2,0.01,0.27
Icon Industries,No,No,1,0,1489,402,0,0,0.27
S.EC.AM srl,No,No,1,0,1489,402,0,0,0.27
ATUN KIMYA SAN.TIC.LTD.STI.,No,No,8,7,1489,402,1,0,0.27
KONSTANTINIDIS BROS,No,No,2,0,1464,232,0,0,0.16
Nortem Chem SA,No,No,9,7,1448,460,1,0,0.32
Xmit Holding Aps,No,No,4,4,1437,321,1,0,0.22
California Chemical lab,No,No,5,0,1437,321,0,0,0.22
Dr. Jet Health Advance Trading,No,No,1,0,1385,502,0,0,0.36
TOV INBAU,No,No,1,0,1385,502,0,0,0.36
Münzer Bioindustrie,Yes,No,2,0,1385,502,0,0,0.36
Industrial La Fama,No,No,1,0,1385,502,0,0,0.36
Trivalue,No,No,1,0,1385,502,0,0,0.36
BIOLENEX LLC,No,No,1,0,1385,502,0,0,0.36
MH & Gustav Heess Ukraine,No,No,15,40,1385,502,3,0.03,0.36
Kemiatech,No,No,4,6,1385,502,2,0,0.36
Corpolev Trading Kft.,No,No,1,2,1385,502,2,0,0.36
Biesterfeld Spezialchemie GmbH,No,Yes,34,5,1385,502,0,0,0.35
VTI - VERBINDET TECHNOLOGIE UND INDUSTRIE SA,Yes,No,1,0,1385,502,0,0,0.36
The Greencell Inc.,No,No,3,0,1385,502,0,0,0.36
Cremer Oleo Gmbh & Co. Kg,No,No,8,71,1385,502,9,0.05,0.36
INMATRADE AG,Yes,No,17,2,1342,307,0,0,0.23
PROPLAST KIMYEVİ MADDELER SAN. TİC. LTD. STI.,No,No,62,333,1333,299,5,0.25,0.22
KERONA GmbH,No,No,12,12,1333,299,1,0.01,0.22
IZEL KIMYA SANAYI VE TIC. A.S.,No,No,35,43,1333,299,1,0.03,0.22
DOGAN MAKİNE PLASTİK SAN VE TİC.LTD.ŞTİ,No,No,1,0,1264,328,0,0,0.26
OIL4VAP SL,No,No,1,0,1264,328,0,0,0.26
"Tongling Yuguo Balancing Materials Co.,Ltd",No,No,4,0,1264,328,0,0,0.26
ATABEY PLASTİK GERİ DÖNÜŞÜM AKARYAKIT İNŞAAT SANAYİ VE TİCARET LİMİTED ŞİRKETİ,No,No,3,1,1264,328,0,0,0.26
Jobachem Gmbh,No,Yes,94,447,1264,328,5,0.35,0.24
PROTECT KİMYA LTD ŞTİ,No,No,1,1,1264,328,1,0,0.26
"Chemical Essence, S.L.",No,No,15,4,1264,328,0,0,0.26
Equilex Chemicals B.V.,Yes,No,21,119,1264,328,6,0.09,0.26
Zone Aromatics Kozmetik Kimyasal Maddeler San. ve Tic. Ltd. Şti.,No,No,6,4,1264,328,1,0,0.26
Five Star General S.L.,No,No,2,15,1060,177,8,0.01,0.17
Khandelwal Orgosol Pvt. Ltd.,No,No,1,18,1060,177,18,0.02,0.17
"ALC ""Perechyn Timber Chemical Plant""",No,No,1,0,1060,177,0,0,0.17
Satcotek Gmbh,No,No,35,50,1060,177,1,0.05,0.16
Subana Dış Ticaret Ltd. Şti.,No,No,1,0,1060,177,0,0,0.17
BES Kimya Sanayi Ve Tic Ltd Sti,Yes,No,5,3,1048,331,1,0,0.31
"HANGZHOU RAISUN IMPORT & EXPORT CO., LTD",No,No,1,0,976,143,0,0,0.15
Kraus GmbH,No,No,11,32,976,143,3,0.03,0.15
Halopolymer,No,No,18,37,976,143,2,0.04,0.14
H3B SRL,No,No,3,7,976,143,2,0.01,0.15
OQ Chemicals GmbH,No,No,38,136,954,163,4,0.14,0.17
Royal Srl,No,No,12,4,940,945,0,0,1
Jakusz SpaceTech,No,No,4,9,940,945,2,0.01,1.01
Handgrow Organics pvt Ltd,No,No,2,0,940,945,0,0,1.01
ZARCommerce,No,No,1,0,940,945,0,0,1.01
Hidrojen Peroksit Sanayi ve Ticaret A.S,No,No,3,21,940,945,7,0.02,1.01
Parv Industries,No,No,1,13,940,945,13,0.01,1.01
Water Treatment Products,No,No,1,3,940,945,3,0,1.01
Metafrax Trading International SA,No,No,13,34,872,105,3,0.04,0.12
QMEA Chemical Solutions,No,No,30,7,872,105,0,0.01,0.12
INVISTA Polyester B.V.,No,No,1,30,872,105,30,0.03,0.12
SHUBHAM CHEMICALS AND SOLVENTS LIMITED,No,No,5,0,872,105,0,0,0.12
Vinati Organics Limited,No,No,14,4,872,105,0,0,0.12
acphis GmbH & Co. KG,No,No,34,0,872,105,0,0,0.12
Alemco Limited,No,No,1,0,872,105,0,0,0.12
Arham Petrochem,No,No,8,33,866,233,4,0.04,0.27
ALTAKEM CHEMICALS,No,No,6,27,866,233,5,0.03,0.27
essoumariam69,No,No,2,0,854,338,0,0,0.4
Group Intrade Ltd.,No,No,1,0,854,338,0,0,0.4
Standard Water srl,No,No,1,4,854,338,4,0,0.4
Vantage Leuna GmbH,No,No,150,62,821,236,0,0.08,0.28
Evonik Operations GmbH | Performance Materials,No,No,1,1,821,236,1,0,0.29
Inventivo Gases,No,No,1,0,821,236,0,0,0.29
Median Tax Deed LLC,No,No,4,21,821,236,5,0.03,0.29
Alfa Chemicals,No,No,61,43,761,91,1,0.06,0.11
A.MARTENS B.V.,No,No,1,0,761,91,0,0,0.12
DETEKS Kimya,No,No,12,3,761,91,0,0,0.12
Inchem Kimya Sanayi ve Dis Ticaret Limited Sirketi,No,No,6,7,761,91,1,0.01,0.12
Kolb Distribution Ltd.,No,No,51,40,761,91,1,0.05,0.12
CSC Jäklechemie,No,No,13,74,761,91,6,0.1,0.12
Norchem Polyesters LLC,No,No,43,62,761,91,1,0.08,0.12
"Wuhan Lwax Pharma Tech co.,ltd",No,No,1,0,761,91,0,0,0.12
MCC - Menssing Chemiehandel & Consultants GmbH,Yes,No,99,0,761,91,0,0,0.11
Q.I.T. CHEMICALS (BV),No,No,3,0,754,168,0,0,0.22
Anjali Shipping,No,No,3,0,741,172,0,0,0.23
Klaus F. Meyer GmbH,No,No,115,264,741,172,2,0.36,0.2
Brenntag UK and Scandinavia,No,No,311,44,741,172,0,0.06,0.21
Brenntag DACH,No,No,312,59,741,172,0,0.08,0.21
Brenntag France and Benelux,No,No,376,41,741,172,0,0.06,0.21
PROSILICONES64,No,No,4,0,741,172,0,0,0.23
CP Metal Chemicals B.V.,No,No,3,15,695,148,5,0.02,0.21
BİO AKTİF KİMYA,No,No,2,1,695,148,1,0,0.21
Kuzgun Kimya,No,No,3,0,669,146,0,0,0.22
FINEAMIN SA,No,No,10,20,669,146,2,0.03,0.22
Himipex Oil,No,No,2,2,669,146,1,0,0.22
Orm Bergold Chemie GmbH & Co KG,No,No,3,18,654,151,6,0.03,0.23
PMS International S.L,Yes,No,2,0,654,151,0,0,0.23
Ege Kimya,No,No,48,17,654,151,0,0.03,0.23
EGA KİMYA SAN. TİC. LTD. ŞTİ.,No,No,1,0,647,159,0,0,0.25
EcoSphere Speciality,No,No,13,30,647,159,2,0.05,0.24
Masal Media Ltd.,No,No,1,0,647,159,0,0,0.25
Erie-Electroverre SA,No,No,5,0,647,159,0,0,0.24
Primma Pharma Chem,No,No,1,0,616,85,0,0,0.14
Horizon Chemical For Special Chemicals,No,No,1,0,616,85,0,0,0.14
Bhageria Industries Limited,No,No,13,19,616,85,1,0.03,0.14
May Asit Kimyevi,Yes,No,2,0,616,85,0,0,0.14
Nitrochemie Wimmis AG,Yes,No,1,0,616,85,0,0,0.14
Skova Pharmachems,No,No,1,7,616,85,7,0.01,0.14
NAVSCAPE INTERMED,No,No,1,8,594,122,8,0.01,0.21
Yalcon Intra Ltd,No,No,1,0,594,122,0,0,0.21
"UAB ""RVC LOBIS""",No,No,8,9,594,122,1,0.02,0.21
"Macco Organiques, s.r.o.",No,No,13,61,594,122,5,0.1,0.2
Leena Organics Pvt Ltd,No,No,4,0,592,127,0,0,0.21
AKPA KIMYA AMBALAJ SANAYI VE TICARET ANONIM SIRKETI_S,No,No,217,105,592,127,0,0.18,0.2
"""BONUSTRADE"", TRADE AND PRODUCTION ENTERPRISE, LLC",No,No,40,25,558,66,1,0.04,0.11
Kemipex FZE,Yes,No,10,86,558,66,9,0.15,0.12
CELIAS d.o.o.,No,No,2,37,558,66,19,0.07,0.12
STATUS LTD,No,No,1,0,558,66,0,0,0.12
Dominik Georg Luh Technografit GmbH,Yes,No,21,41,558,66,2,0.07,0.12
LEPID LIFE SCIENCES PVT LTD,No,No,50,106,558,66,2,0.19,0.11
AyTrade LTD,No,No,2,16,558,66,8,0.03,0.12
Coraplus PTE LTD,No,No,10,1,558,66,0,0,0.12
ARMAĞAN KİMYA SANAYİ VE TİCARET ANONİM ŞİRKETİ,No,No,3,2,558,66,1,0,0.12
ALFA RUSSEL AG,No,No,1,0,558,66,0,0,0.12
PentaCarbon GmbH,No,No,2,6,558,66,3,0.01,0.12
REAKSİYON KİMYA,No,No,55,46,558,66,1,0.08,0.11
PRIMAX s.r.l.,No,No,6,5,558,66,1,0.01,0.12
aclinicin LLC,No,No,1,0,541,89,0,0,0.16
Wepooil S.r.l.,No,No,10,27,541,89,3,0.05,0.16
ODEMO LLC,No,No,1,0,541,89,0,0,0.16
Westerhuis Trading,No,No,2,1,541,89,1,0,0.16
Ltd Agrex,No,No,1,0,541,89,0,0,0.16
"LTD ""AGROTRAID-2000""",Yes,No,3,1,541,89,0,0,0.16
Golden Dragon LLC,No,No,1,44,541,89,44,0.08,0.16
PPA Integral srl,No,No,2,0,541,89,0,0,0.16
Global Trade Wholesale Ltd,No,No,14,3,541,89,0,0.01,0.16
PPA INTEGRAL SRL,No,No,1,0,541,89,0,0,0.16
Mahat Global Resources,No,No,2,0,541,89,0,0,0.16
MAISON SADÉ PL,No,No,1,0,541,89,0,0,0.16
Prokasa,No,No,1,0,541,89,0,0,0.16
"Nestfood / ""AGROPRIME IN"" LLC",No,No,1,6,541,89,6,0.01,0.16
NAVIDAL TRADING L.L.C,No,No,1,44,541,89,44,0.08,0.16
AMANOS BRAND SRL,No,No,1,0,541,89,0,0,0.16
EXGSP GMBH LLC,No,No,2,0,541,89,0,0,0.16
HOOK MEAT SUPPLIES LTD,No,No,9,0,541,89,0,0,0.16
Parsis Global,No,No,1,0,541,89,0,0,0.16
Foratia Europe OU,No,No,4,0,541,89,0,0,0.16
Ascot International (1996) Ltd.,No,No,75,189,541,89,3,0.35,0.15
FOP Daniielian,No,No,2,0,541,89,0,0,0.16
DAKO AG,No,No,17,58,541,89,3,0.11,0.16
Kloepfel Global Sales Sp. z o. o.,No,No,1,7,541,89,7,0.01,0.16
SANO TRADE COMPANY LTD,No,No,1,0,541,89,0,0,0.16
Isogran GmbH,No,No,11,25,541,89,2,0.05,0.16
“LK TRADE” LLC,No,No,4,5,541,89,1,0.01,0.16
LK Trade,No,No,1,0,541,89,0,0,0.16
PT. DUA KUDA INDONESIA,No,No,3,0,0,0,0,-1,0
PT INDONESIA BENTONITE,No,No,1,5,0,0,5,-1,0
PT. Nasco,No,No,5,9,0,0,2,-1,0
PT SCUDA,No,No,1,0,0,0,0,-1,0
PT TITIAN ABADI LESTARI,No,No,1,2,0,0,2,-1,0
PT Van Aroma,No,No,80,18,0,0,0,-1,0
Punjab Rosin & Chemicals Works,No,No,2,30,0,0,15,-1,0
Purinova Sp. Z.o.o.,No,No,3,1,0,0,0,-1,0
Pyrex Industries GmbH,No,No,3,6,0,0,2,-1,0
QP Germany OHG,No,No,1,12,0,0,12,-1,0
Rachana Organics Pvt Ltd,No,No,2,0,0,0,0,-1,0
Radix Conia Makina Techizat Otomotiv Gida Ith. Ihr. San. Tic. LTD. STI,No,No,2,6,0,0,3,-1,0
Raichem SpA,No,No,1,13,0,0,13,-1,0
Rain Carbon Germany GmbH,Yes,No,4,1,0,0,0,-1,0
Rashtriya Chemical and Minerals,No,No,5,19,0,0,4,-1,0
"RAW MATERIALS CELLULOSE,",No,No,11,0,0,0,0,-1,0
R.A.W. Minerals B.V.,No,No,5,5,0,0,1,-1,0
Reco-E GmbH,No,No,4,7,0,0,2,-1,0
REG Chemicals Ltd,No,No,7,30,0,0,4,-1,0
Reinert,No,No,9,5,0,0,1,-1,0
Remet UK LTD,No,No,1,13,0,0,13,-1,0
REMY GmbH & Co. KG - HAMBURG,No,No,1,0,0,0,0,-1,0
RENTECH,No,No,1,0,0,0,0,-1,0
Resiplast,No,No,6,28,0,0,5,-1,0
Revival  SIA,No,No,4,0,0,0,0,-1,0
Rhett Plastic,No,No,1,0,0,0,0,-1,0
Richard Steinebach Chemikalien GmbH & Co. KG,No,No,5,16,0,0,3,-1,0
RodaChem bv,No,No,1,0,0,0,0,-1,0
Ronda GmbH,No,No,1,1,0,0,1,-1,0
ROWASOL GmbH,No,No,4,7,0,0,2,-1,0
rPET InWaste s.r.o.,No,No,1,1,0,0,1,-1,0
R-PLASTIND ROCN SRL,No,No,14,3,0,0,0,-1,0
RR & NP Business Development Lda,No,No,4,4,0,0,1,-1,0
RTS Business Service Handelsges.m.b.H.,No,No,2,1,0,0,1,-1,0
Rubamin Private Limited,No,No,3,11,0,0,4,-1,0
Ruchak chemicals,No,No,1,0,0,0,0,-1,0
Rudas Mirela,No,No,1,0,0,0,0,-1,0
russian resurs,No,No,1,0,0,0,0,-1,0
Russian Vitriol Company,No,No,1,0,0,0,0,-1,0
RV NEORESINS,No,No,2,14,0,0,7,-1,0
SACEA S.R.L.,No,No,4,3,0,0,1,-1,0
SAFIC-ALCAN RUS,No,No,18,0,0,0,0,-1,0
Sagar Speciality Chemicals Private Limited,No,No,14,18,0,0,1,-1,0
Saha Metal San. Tic. Ltd. Şti.,No,No,1,9,0,0,9,-1,0
Sahra Metal Recycling,No,No,1,0,0,0,0,-1,0
Sai Fine Chemicals,No,No,3,0,0,0,0,-1,0
Saint Nicholas,No,No,1,0,0,0,0,-1,0
S.A.I.R.A.S.CORPORATION,No,No,2,0,0,0,0,-1,0
SaisamarthInternational,No,No,1,0,0,0,0,-1,0
Salicylates and Chemicals Pvt. Ltd.,No,No,1,0,0,0,0,-1,0
Sang Froid Chemicals PVT. LTD,No,No,1,0,0,0,0,-1,0
San Nature,No,No,1,6,0,0,6,-1,0
Sanodyna Vietnam Co. Ltd,No,No,2,4,0,0,2,-1,0
Sarex Overseas Div. of Saraf Chemicals Pvt. Ltd.,No,No,21,6,0,0,0,-1,0
SAVING Srls LTD,No,No,1,0,0,0,0,-1,0
SAWEX S.A,No,No,5,2,0,0,0,-1,0
SBZ Corporation Ltd,No,No,42,30,0,0,1,-1,0
SEABERT CHEMICALS PVT LTD,No,No,1,0,0,0,0,-1,0
SEMKIM Boya ve Kimyevi Mad. San. Tic. Ltd. Şti.,No,No,11,21,0,0,2,-1,0
SENORGALAB CHEMISTRY AND R D SERVICES LTD,No,No,7,3,0,0,0,-1,0
"Sepiol, S.A.",No,No,6,3,0,0,1,-1,0
SERDAROGLU GRUBU A.Ş.,No,No,1,0,0,0,0,-1,0
Shaanxi Porvoo Biotech Ltd,No,No,1,0,0,0,0,-1,0
"Shaanxi Youbio Technology Co.,Ltd.",No,No,2,0,0,0,0,-1,0
Shakti Chemical Industries,No,No,2,4,0,0,2,-1,0
SHAKTI CHEMICALS,No,No,1,0,0,0,0,-1,0
"Shandong Bluesun Chemicals Co.,Ltd",No,No,2,0,0,0,0,-1,0
Shandong Fuyang  Bio-tech. Co.Ltd.,No,No,2,0,0,0,0,-1,0
"Shandong Fuyang Biotechnology Co.,ltd",No,No,1,0,0,0,0,-1,0
Shandong Minji New Material Technology Co. LTd,No,No,1,0,0,0,0,-1,0
"Shandong Sanyuan Biotechnology Co., Ltd",No,No,1,0,0,0,0,-1,0
Shanghai Rich Group Limited,No,No,1,0,0,0,0,-1,0
Shanpar Industries Pvt Ltd.,No,No,145,93,0,0,1,-1,0
"Shanxi Hengyuan Kaolin Co., Ltd.",No,No,1,0,0,0,0,-1,0
SHEMSA NATURALS TARIM ÜRÜNLERİ SANAYİ VE TİCARET ANONİM ŞİRKETİ,No,No,4,1,0,0,0,-1,0
"shijiazhuang jinghong chemical technology co.,ltd.",No,No,1,0,0,0,0,-1,0
shiuma process equipments pvt ltd,No,No,1,0,0,0,0,-1,0
Shivanichemicals,No,No,1,0,0,0,0,-1,0
"SHOUGUANG FUKANG PHARMACEUTICAL CO.,LTD",No,No,2,0,0,0,0,-1,0
SHREE GANESH ENTERPRISES,No,No,1,0,0,0,0,-1,0
SHREE GAYATRI CHEMICALS,No,No,3,0,0,0,0,-1,0
SIAD S.p.A.,Yes,No,8,22,0,0,3,-1,0
"SICHUAN HANWANG INORGANIC SALT CHEMICAL INDUSTRY CO.,LTD",No,No,2,0,0,0,0,-1,0
"SILON, s.r.o.",No,No,2,0,0,0,0,-1,0
Silvaco A/S,No,No,1,0,0,0,0,-1,0
Simmi Enterprises,No,No,1,0,0,0,0,-1,0
Simon Pars,No,No,1,0,0,0,0,-1,0
Simson Pharma Limited,No,No,2,0,0,0,0,-1,0
Sincerus LLC,No,No,1,0,0,0,0,-1,0
SINCHEM EUROPE SAS,Yes,No,1,5,0,0,5,-1,0
Sino-Aluminas Ltd,No,No,24,68,0,0,3,-1,0
"Sintac Recycling, SL",No,No,23,6,0,0,0,-1,0
SINTEZA SA,No,No,1,10,0,0,10,-1,0
SIOF SPA,Yes,No,6,6,0,0,1,-1,0
SKALNI MATERIALI,No,No,2,12,0,0,6,-1,0
SKOVA PHARMACHEMS,No,No,7,0,0,0,0,-1,0
SK Steel & Powder Supply UG,No,No,13,10,0,0,1,-1,0
Sky Global,No,No,1,0,0,0,0,-1,0
SLI Chemicals GmbH,Yes,No,17,5,0,0,0,-1,0
Slovškrob a.s.,No,No,3,1,0,0,0,-1,0
S.Nihar Exports,No,No,2,0,0,0,0,-1,0
snolecule,No,No,1,0,0,0,0,-1,0
SOFTARED,No,No,1,0,0,0,0,-1,0
SOLIMIX S.A,No,No,2,14,0,0,7,-1,0
Solvay France SA,Yes,No,1,0,0,0,0,-1,0
Sonic Biochem Extractions Pvt. Ltd.,No,No,5,8,0,0,2,-1,0
SONİC PETROKİMYA ÜRÜNLERİ SANAYİ VE DIŞ TİCARET LİMİTED ŞİRKETİ,No,No,2,0,0,0,0,-1,0
Sova Chemicals Co,No,No,1,7,0,0,7,-1,0
Sparrowings International,No,No,342,43,0,0,0,-1,0
SPECIFIC POLYMERS,No,No,345,18,0,0,0,-1,0
SP ENTERPRISES,No,No,3,5,0,0,2,-1,0
"Speranza Chemical Co., Ltd",No,No,2,0,0,0,0,-1,0
"SPOLCHEMIE - Spolek pro chemickou a hutní výrobu, a.s.",No,No,4,11,0,0,3,-1,0
SRC International Ulus. Loj. Dış Tic. Ltd. Şti,No,No,1,0,0,0,0,-1,0
"STANEK CO.,LTD.",No,No,2,0,0,0,0,-1,0
StarTradeEst OU,No,No,3,0,0,0,0,-1,0
STENFY CHEM,No,No,27,101,0,0,4,-1,0
Stephan Schmidt KG,No,No,2,22,0,0,11,-1,0
"Stercorat SLOVAKIA, s.r.o.",No,No,1,0,0,0,0,-1,0
Stereokem,No,No,2,1,0,0,1,-1,0
Sternchemie GmbH & Co KG,No,No,1,0,0,0,0,-1,0
Stocxx,No,No,1,0,0,0,0,-1,0
STYROMAG - Steirische Magnesitindustrie GmbH,Yes,No,4,0,0,0,0,-1,0
SUGRO AG,Yes,No,3,0,0,0,0,-1,0
Sunlite Industrial Enterprise,No,No,1,0,0,0,0,-1,0
Sunrise Enterprise,No,No,1,0,0,0,0,-1,0
Sunsmit Dyechem Pvt Ltd,No,No,1,3,0,0,3,-1,0
Supreme Plasticizers,Yes,No,1,0,0,0,0,-1,0
surer hayvancilik tarin gida san. ltd. sti.,No,No,1,0,0,0,0,-1,0
"Suzhou Youzhihe Medical Science and Technology Co., Ltd.",No,No,98,0,0,0,0,-1,0
SWAR HONG KONG Ltd,No,No,1,0,0,0,0,-1,0
"SwiSS-9, GmbH",No,No,1,0,0,0,0,-1,0
Synovelle,No,No,17,11,0,0,1,-1,0
Syntharo Fine Chemicals GmbH,No,Yes,7,1,0,0,0,-1,0
Synthese Nord,No,No,1,0,0,0,0,-1,0
SynValor Contracting B.V.,No,No,1,0,0,0,0,-1,0
Tano Minerals,No,No,1,0,0,0,0,-1,0
TC-Bromine,No,No,1,0,0,0,0,-1,0
TEKNA PLASMA EUROPE,Yes,No,3,0,0,0,0,-1,0
Telko Ukraine,No,No,2,5,0,0,3,-1,0
TEMPO MV LTD.,No,No,3,0,0,0,0,-1,0
TEOS Industries,No,No,7,31,0,0,4,-1,0
tepeyol a.ş,No,No,2,0,0,0,0,-1,0
TER Chemicals – BU CASE,No,No,53,12,0,0,0,-1,0
TER Chemicals – BU Surface and Lubricant Technology,No,No,29,20,0,0,1,-1,0
TERCO CHEMICALS,Yes,No,1,1,0,0,1,-1,0
Terra Nostra Gmbh,No,No,1,0,0,0,0,-1,0
TERRAZO DE MEXICO,No,No,2,7,0,0,4,-1,0
Test Supplier company,No,No,1,0,0,0,0,-1,0
TET INTERNATIONAL DIS TICARET VE KIMYA SANAYI A.S.,No,No,1,1,0,0,1,-1,0
TETRA Chemicals Europe AB,No,No,6,23,0,0,4,-1,0
The Masterbatch Company,No,No,2,3,0,0,2,-1,0
The Sulfolane Company BV,No,No,1,1,0,0,1,-1,0
Thrutek Applied Materials Inc.,No,No,5,0,0,0,0,-1,0
"Tianjin YR Chemspec Technology Co.,Ltd.",No,No,2,0,0,0,0,-1,0
Tiara Development,No,No,1,3,0,0,3,-1,0
Todwic,No,No,3,2,0,0,1,-1,0
Topcopper,Yes,No,1,1,0,0,1,-1,0
TOPTION Chemicals,No,No,2,0,0,0,0,-1,0
TOYO INK EUROPE SPECIALTY CHEMICALS,No,No,1,0,0,0,0,-1,0
TRADIUM GmbH,Yes,No,4,1,0,0,0,-1,0
Transpek Industry Limited,No,No,9,2,0,0,0,-1,0
Treibacher Industrie AG,No,No,2,0,0,0,0,-1,0
Triconor Distribution GmbH,No,No,3,1,0,0,0,-1,0
TRIGON Chemie,No,No,30,31,0,0,1,-1,0
Trulux Pty Ltd,No,No,1,0,0,0,0,-1,0
"T & T Chemical Co., Ltd",No,No,1,0,0,0,0,-1,0
turkmen sehrah,No,No,1,0,0,0,0,-1,0
Turk Perlite,No,No,10,13,0,0,1,-1,0
Turope GmbH,No,No,1,0,0,0,0,-1,0
UAB “Paraffinum”,No,Yes,10,42,0,0,4,-1,0
UBE Europe GmbH (UBE Group),No,No,3,10,0,0,3,-1,0
UDO Mining,No,No,1,3,0,0,3,-1,0
Ugur Bitkisel Tarimcilik Ticaret LTD. STI,No,No,1,0,0,0,0,-1,0
UKR EKSPORT PRO LLC,No,No,1,0,0,0,0,-1,0
ULIX Innovation,No,No,1,0,0,0,0,-1,0
umay zeytinyağı dış ticaret ltd şti,No,No,1,0,0,0,0,-1,0
UNICALCE SPA,Yes,No,3,0,0,0,0,-1,0
Unilex Colours & Chemicals Limited,No,No,11,3,0,0,0,-1,0
Unitechem GmbH,Yes,No,15,0,0,0,0,-1,0
UPL Ltd,No,No,23,56,0,0,2,-1,0
"URL BioPharm Co., Ltd.",No,No,1,0,0,0,0,-1,0
Utelka Maden,No,No,1,0,0,0,0,-1,0
VAC minerais,No,No,13,30,0,0,2,-1,0
Vagdevi InnoScience Private Limited,No,No,8,6,0,0,1,-1,0
Valchim,No,No,1,0,0,0,0,-1,0
VALTECNO GmbH,No,No,1,0,0,0,0,-1,0
VASISTA PHARMA CHEM PRIVATE LIMITED,No,No,1,0,0,0,0,-1,0
Vatsalya Enterprise,No,No,1,0,0,0,0,-1,0
Vertellus Specialties Austria GmbH,No,No,34,56,0,0,2,-1,0
Viana Chemicals,No,No,27,3,0,0,0,-1,0
Viaton Europe GmbH,No,No,1,10,0,0,10,-1,0
Viktor Flach,No,No,2,0,0,0,0,-1,0
Viltis Sp. z o.o.,No,No,2,0,0,0,0,-1,0
VIO Chemicals,No,No,12,16,0,0,1,-1,0
visa chem private limited,No,No,1,0,0,0,0,-1,0
Vitalac,No,No,1,0,0,0,0,-1,0
VN - UNITEK JSC,No,No,3,11,0,0,4,-1,0
Völpker Spezialprodukte GmbH,No,Yes,21,14,0,0,1,-1,0
Volzhsky Orgsynthese JSC,No,No,5,5,0,0,1,-1,0
"VUP, a.s.",No,No,9,0,0,0,0,-1,0
Wacker Chemie AG,No,No,6,24,0,0,4,-1,0
Waldis UAB,No,No,2,12,0,0,6,-1,0
Wanhua & BorsodChem,No,No,4,16,0,0,4,-1,0
Watter BV,No,No,1,1,0,0,1,-1,0
Weighting Agents Plant (KZU),No,No,3,4,0,0,1,-1,0
Westbrook Resources,No,No,5,2,0,0,0,-1,0
Wetraoil GmbH,No,No,12,11,0,0,1,-1,0
Weylchem Performance Products GmbH,No,No,3,6,0,0,2,-1,0
White Wing International,No,No,1,0,0,0,0,-1,0
Will & Co BV,No,Yes,11,92,0,0,8,-1,0
William Blythe Limited,No,No,5,0,0,0,0,-1,0
Willy Benecke GmbH,Yes,No,8,0,0,0,0,-1,0
Wintzell & Fried,No,No,7,33,0,0,5,-1,0
Wion Technology Sp. z o.o.,Yes,No,1,0,0,0,0,-1,0
Wistema GmbH,No,No,9,19,0,0,2,-1,0
World Petroleum FZC,No,No,2,14,0,0,7,-1,0
Wright and Co,No,No,3,0,0,0,0,-1,0
"Wuhan Bosman Medicine Technology Co., Ltd.",No,No,1,0,0,0,0,-1,0
"Wuhan LANDMARK Industrial Co., Ltd.",No,No,2,0,0,0,0,-1,0
"Wuhan LPBchem Technology Co.,Ltd",No,No,2,0,0,0,0,-1,0
"Wuhan Lwax Pharma Tech Co., LTD",No,No,1,0,0,0,0,-1,0
XATICO GROUP Sàrl.,No,No,27,54,0,0,2,-1,0
"XIAMEN AZOCOLOR CO,. LTD.",No,No,1,0,0,0,0,-1,0
Xingfa Europe GmbH,No,No,16,2,0,0,0,-1,0
"Xingtai Xingjiu New Material Technology Co., Ltd.",No,No,1,0,0,0,0,-1,0
XP Chemistries AB,No,No,2,6,0,0,3,-1,0
xperio impex,No,No,5,0,0,0,0,-1,0
"Yabow  CO., LIMITED",No,No,1,0,0,0,0,-1,0
YAPICHEM CHEMICAL COMPANY,No,No,5,2,0,0,0,-1,0
YARA GmbH&Co.KG,Yes,No,2,0,0,0,0,-1,0
Yogi Intermediates Pvt. Ltd,No,No,1,0,0,0,0,-1,0
YUKA KİMYA,No,No,7,9,0,0,1,-1,0
YUSHUN NEW MATERIALS,No,No,1,0,0,0,0,-1,0
Zantye Agro Industries,No,No,1,0,0,0,0,-1,0
"Zaporizhzhia Abrasive Plant, PJSC",Yes,Yes,3,1,0,0,0,-1,0
ZAVALLIVSKYI GRAPHITE,No,No,1,0,0,0,0,-1,0
Zavod Kronakril LLC,No,No,3,13,0,0,4,-1,0
ZCROSS INTERNATIONAL,No,No,1,0,0,0,0,-1,0
Zeolites Production,No,No,2,21,0,0,11,-1,0
"Zhengzhong Enamel Co.,Ltd",No,No,2,0,0,0,0,-1,0
Ziegler & Co. Minerals GmbH,Yes,No,9,1,0,0,0,-1,0
ZINCO Chelyabinsk Ltd.,No,No,6,11,0,0,2,-1,0
"ZingaMetall Europe, Ltd.",No,No,1,0,0,0,0,-1,0
Zoro,No,No,1,0,0,0,0,-1,0
Natalex S.A.,No,No,4,1,0,0,0,-1,0
3-S Mühendislik Müşavirlik San ve Tic. A.Ş,No,No,32,10,0,0,0,-1,0
888 Raw Plastic Supplies,No,No,4,0,0,0,0,-1,0
AAGlob S.A.,No,No,1,0,0,0,0,-1,0
Aarksh Trading BV,No,No,1,0,0,0,0,-1,0
Abrasive and Refractory Materials Manufacture,No,No,2,4,0,0,2,-1,0
Acorn Water,No,No,6,13,0,0,2,-1,0
ACS Chem GmbH,No,No,1,0,0,0,0,-1,0
ACSCHEM Pte Ltd,No,No,1,7,0,0,7,-1,0
Active Specialities,No,No,1,2,0,0,2,-1,0
Adakem Chemicals Ltd,No,No,44,59,0,0,1,-1,0
ADD-Chem Germany GmbH,No,No,19,49,0,0,3,-1,0
ADEKA Polymer Additives Europe,No,No,14,5,0,0,0,-1,0
Aditya Soyatech,No,No,2,18,0,0,9,-1,0
Adobaser Mining Co,No,No,1,3,0,0,3,-1,0
Advance Inorganics,No,No,1,0,0,0,0,-1,0
Advik Colors (Teamcrop Overseas LLP),No,No,9,0,0,0,0,-1,0
AEM Canada Group Inc,No,No,2,0,0,0,0,-1,0
Aerofen Kimya San. Tic. A.Ş.,No,No,6,8,0,0,1,-1,0
AGRA GROUP a.s.,No,No,1,1,0,0,1,-1,0
"Agrakem Quimicos, SL",No,No,45,152,0,0,3,-1,0
Agrichem Innovation Inc,No,No,3,0,0,0,0,-1,0
Agrifeed SRL,No,No,1,4,0,0,4,-1,0
AIP Associates,No,No,1,1,0,0,1,-1,0
Akkim Kimya San. ve Tic. A.S.,No,No,5,14,0,0,3,-1,0
Akmin Mineral Madencilik,No,No,1,0,0,0,0,-1,0
Ako Chemicals Ltd,No,No,1,0,0,0,0,-1,0
Akryl,No,No,1,4,0,0,4,-1,0
Alantum Europe GmbH,No,No,6,16,0,0,3,-1,0
ALBASTROSS EXIM,No,No,4,0,0,0,0,-1,0
Alcochem Minerals BV,No,No,1,0,0,0,0,-1,0
ALDODEI 1946 di Giacomo Bertolio D.I.,No,No,3,13,0,0,4,-1,0
Alfa Chemistry,No,No,955,180,0,0,0,-1,0
Alichem Inc.,No,No,10,0,0,0,0,-1,0
All Stars Gold Mining Company Ltd,No,No,2,0,0,0,0,-1,0
Almamet GmbH,No,No,2,2,0,0,1,-1,0
Alora Water Research,No,No,1,0,0,0,0,-1,0
Alperenler Madencilik Sanayi Ticaret Limited Şirketi,No,No,1,0,0,0,0,-1,0
ALTIN ATES KIMYA ANONIM SIRKETI,No,No,2,1,0,0,1,-1,0
ALT TRADING,No,No,2,0,0,0,0,-1,0
ALUCOM AG,No,Yes,15,20,0,0,1,-1,0
Alufluor AB,No,No,2,1,0,0,1,-1,0
Alumichem,No,No,6,10,0,0,2,-1,0
Alumina doo,No,No,15,35,0,0,2,-1,0
Amadis Chemical Laboratory,No,No,1,0,0,0,0,-1,0
AMEKON S.A.,No,No,1,1,0,0,1,-1,0
amg dış tic. ltd.şti.,No,No,1,0,0,0,0,-1,0
AMIA,No,No,1,0,0,0,0,-1,0
Amitek Infra Pvt. Ltd.,No,No,12,15,0,0,1,-1,0
Amster Microcell Pvt Ltd,No,No,1,0,0,0,0,-1,0
Anex by Interplast Kimya San. ve Tic. A.S.,No,No,38,11,0,0,0,-1,0
"Anhui Xinyuan Technology Co.,LTD",No,No,1,0,0,0,0,-1,0
Ankit Silicate,No,No,1,0,0,0,0,-1,0
Anolytech Norden AB,No,No,1,0,0,0,0,-1,0
ANOWASH GmbH,No,No,1,1,0,0,1,-1,0
Anstar Ltd,Yes,No,40,45,0,0,1,-1,0
ANV Trader,No,No,6,28,0,0,5,-1,0
AQUAHOLDING,No,No,1,0,0,0,0,-1,0
AQUANOVA AG,Yes,No,32,3,0,0,0,-1,0
AQUATONALE,No,No,5,0,0,0,0,-1,0
Arabian Sea Group For Chemicals,No,No,5,6,0,0,1,-1,0
Arcanum Chemical & Consultancy,No,No,1,0,0,0,0,-1,0
Areks Kimya Otomativ Sanayii ve Dış Ticaret A.Ş,No,Yes,5,25,0,0,5,-1,0
Arihant Micron,No,No,1,0,0,0,0,-1,0
ARIIX PRODUCTS INDIA PVT LTD,No,No,26,54,0,0,2,-1,0
Arion-Prom,No,No,1,6,0,0,6,-1,0
Arkema THIO Division,No,No,11,15,0,0,1,-1,0
ARLES,Yes,No,1,1,0,0,1,-1,0
ARMINAKIL BENTONIT MADEN,No,No,1,0,0,0,0,-1,0
Aromaturk,No,No,2,1,0,0,1,-1,0
Aryan Chemicals Private Limited,No,No,26,16,0,0,1,-1,0
Asal Boya Kimya San. Tic Ltd Sti,No,No,42,99,0,0,2,-1,0
ASCOTEC,No,No,1,0,0,0,0,-1,0
Asfara Trading,No,No,1,0,0,0,0,-1,0
Asilpax International b.v.,No,No,7,5,0,0,1,-1,0
ASK Chemicals GmbH,No,No,40,19,0,0,0,-1,0
Associated Business Corporation,No,No,1,0,0,0,0,-1,0
Aston Chemicals Ltd,No,No,1,0,0,0,0,-1,0
Astron Chemicals,No,No,1,0,0,0,0,-1,0
ATA KIMYA INŞ SAN TİC LTD ŞTİ,No,No,16,28,0,0,2,-1,0
Atalimo SA,No,No,1,0,0,0,0,-1,0
Atanasov 67&Son ltd,No,No,1,1,0,0,1,-1,0
Atex Est OÜ,No,No,1,0,0,0,0,-1,0
Atic Kimya,No,No,1,14,0,0,14,-1,0
ATTIKA,No,No,4,13,0,0,3,-1,0
Atul Limited,No,No,21,17,0,0,1,-1,0
ATUL RUBBER PROCESSORS PVT LTD,No,No,2,1,0,0,1,-1,0
Audia Plastics s.r.o.,No,No,1,1,0,0,1,-1,0
AUGUST INVEST SP Z O O,Yes,No,1,0,0,0,0,-1,0
Avestra Chemical (Suisse) SA,No,No,4,1,0,0,0,-1,0
Avni Uzun,No,No,1,0,0,0,0,-1,0
Avyuktchem LLP,No,No,2,0,0,0,0,-1,0
AXCENTIVE SARL,No,No,5,13,0,0,3,-1,0
aydinlar mining,No,No,3,0,0,0,0,-1,0
Ayvalidere - Osman Şanoğlu,No,No,1,2,0,0,2,-1,0
Azcor Tableware India Pvt Ltd,No,No,1,0,0,0,0,-1,0
AZIMAX PETROL GIDA ENERJI INSAAT TURIZM DANISMANLIK TEKSTIL VE SAN TIC IHR.ITH. LTD STI,No,No,1,1,0,0,1,-1,0
Bactitox Uk Limited,No,No,1,1,0,0,1,-1,0
BADE KİMYEVİ MADDELER ARAŞTIRMA VE GELİŞTİRME TİC. VE SAN. A.Ş.,Yes,No,20,0,0,0,0,-1,0
Bagosan Kimya Sanayi ve Ticaret A.Ş.,No,No,1,1,0,0,1,-1,0
Baltic Composites and Fragrance,No,No,3,10,0,0,3,-1,0
BARCHEMICALS s.r.l,No,No,2,18,0,0,9,-1,0
Barton Blakeley Technologies,No,No,8,8,0,0,1,-1,0
Bart Spółka z ograniczoną odpowiedzialnością,No,No,1,0,0,0,0,-1,0
Bazayan & Co,No,No,72,0,0,0,0,-1,0
BCH Brühl - Chemikalien Handel GmbH,No,No,16,62,0,0,4,-1,0
Beacon Organic Chemical,No,No,1,0,0,0,0,-1,0
Becker Industrielack Gmbh,No,No,4,1,0,0,0,-1,0
Belami Fine Chemicals Pvt. Ltd.,No,No,1,0,0,0,0,-1,0
BELHIMSET JSC,No,No,3,0,0,0,0,-1,0
Bentonite World,No,No,1,0,0,0,0,-1,0
"Benu Composite Materials Co., Ltd",No,No,2,0,0,0,0,-1,0
Bergen Carbon Solutions AS,No,No,1,1,0,0,1,-1,0
Berg+Schmidt GmbH & Co. KG,Yes,No,16,0,0,0,0,-1,0
BERKIM KAUCUK PLASTIK KIMYA SAN VE TIC AS,No,No,7,17,0,0,2,-1,0
Bernd Stifter,No,No,1,0,0,0,0,-1,0
Best Ticaret Sanayi İthalat İhracat,No,No,4,10,0,0,3,-1,0
BEYAZ KAGIT VE HIJYENIK URUNLER TEMIZLIK INSAAT SAN. TIC. A.S.,No,No,2,30,0,0,15,-1,0
BGP Innovatives,No,No,1,0,0,0,0,-1,0
Bhushilpa Chemicals P. Ltd,No,No,4,0,0,0,0,-1,0
Biesterfeld Chemia Specjalna,No,No,3,0,0,0,0,-1,0
BiogasJG B.V.,No,No,5,0,0,0,0,-1,0
Bioinagro srl,No,No,4,9,0,0,2,-1,0
BIO-PHARMA LABORATORIES PVT LTD,Yes,No,1,0,0,0,0,-1,0
BIOPREMIUM KFT,No,No,2,12,0,0,6,-1,0
"BIOVINEGAR, S.L.",No,No,1,1,0,0,1,-1,0
BI-QEM SA,No,No,2,1,0,0,1,-1,0
Birch Chemicals Limited,No,No,10,9,0,0,1,-1,0
bitop AG,No,Yes,7,0,0,0,0,-1,0
BLACK MINERALS PROCESSING S.L.,No,No,2,0,0,0,0,-1,0
BLC BAKLIYAT IC VE DIS TIC. LTD. STI,No,No,2,0,0,0,0,-1,0
Blue Bear Chemicals Bv,No,No,6,17,0,0,3,-1,0
Bluestone Metals and Chemicals,No,No,1,0,0,0,0,-1,0
B M Paper Packaging,No,No,1,0,0,0,0,-1,0
Borealis AG,No,No,5,38,0,0,8,-1,0
Box Baltic Ltd,No,No,1,0,0,0,0,-1,0
BRIJESH CHEMICALS,No,No,3,13,0,0,4,-1,0
BRinova Bioquímica LDA,No,No,2,0,0,0,0,-1,0
Briti Scientific,No,No,51,4,0,0,0,-1,0
BRMMARKETING BRMESSENTIALOILS,No,No,1,0,0,0,0,-1,0
B.T.G. - SOL GROUP,No,No,5,4,0,0,1,-1,0
Buldan Madencilik Dis Ticaret Ltd,No,No,2,2,0,0,1,-1,0
Bulterra S Ltd.,No,No,6,7,0,0,1,-1,0
"BYN Chemical Co., Ltd.",No,No,1,0,0,0,0,-1,0
CABAMIX,No,No,3,21,0,0,7,-1,0
Cabro S.p.A.,No,No,17,4,0,0,0,-1,0
CAD Chemicals,No,No,2,0,0,0,0,-1,0
CALDIC FRANCE,No,No,3,13,0,0,4,-1,0
Calibre Chemicals Pvt Ltd.,No,No,1,1,0,0,1,-1,0
California Chemical Lab,No,No,1,0,0,0,0,-1,0
Camelina Company España,No,No,3,0,0,0,0,-1,0
Canadian Golden Stars,No,No,1,0,0,0,0,-1,0
"Canaltravel Exports, S.L.",No,No,1,3,0,0,3,-1,0
Carbon Activated Europe,No,No,11,13,0,0,1,-1,0
Carense,No,No,1,0,0,0,0,-1,0
CARGILL TARIM VE GIDA SANAYİ TİCARET ANONİM ŞİRKETİ,No,No,3,0,0,0,0,-1,0
Carlo Riccò & F.lli S.p.A.,No,No,63,8,0,0,0,-1,0
Carus Europe,No,No,6,10,0,0,2,-1,0
Carvansons,No,No,6,3,0,0,1,-1,0
Catalyco,No,No,1,0,0,0,0,-1,0
CATRIN,No,No,1,0,0,0,0,-1,0
Cellco Chemicals S.A.,Yes,No,4,10,0,0,3,-1,0
Century Limited,No,No,1,0,0,0,0,-1,0
Cerdia International GmbH,No,No,1,3,0,0,3,-1,0
Cf Plus Chemicals S.R.O.,No,No,90,1,0,0,0,-1,0
CFS Europe SpA,No,No,5,4,0,0,1,-1,0
C&G Pigment Europe GmbH,No,No,16,17,0,0,1,-1,0
CH3mpro GmbH,No,No,1,0,0,0,0,-1,0
Chem2Market GmbH,No,No,47,6,0,0,0,-1,0
Chematek,No,No,16,23,0,0,1,-1,0
Chem Concept Kft.,No,No,23,29,0,0,1,-1,0
Chemconserve BV,No,No,1,0,0,0,0,-1,0
ChemEngg Research Pvt. Ltd.,No,No,4,0,0,0,0,-1,0
ChemicalHero,No,No,4,0,0,0,0,-1,0
Chemical Plant of Fluoride Salts,No,No,3,0,0,0,0,-1,0
Chemiphase International Ltd,No,No,1,0,0,0,0,-1,0
Chemische Fabrik Budenheim KG,No,No,25,147,0,0,6,-1,0
Chemispec,No,No,10,10,0,0,1,-1,0
"CHEMLYTE SOLUTIONS CO., LTD",No,No,1,0,0,0,0,-1,0
Chemplasa Technology Sdn. Bhd.,No,No,5,0,0,0,0,-1,0
Chempoint Emea,No,No,1,5,0,0,5,-1,0
Chem-Pros Net,No,No,8,37,0,0,5,-1,0
Chemscout Speciality Chemicals LLP,No,No,1,0,0,0,0,-1,0
ChemStop Chemicals Co. Ltd.,No,No,6,5,0,0,1,-1,0
Chemtech Speciality India Pvt Ltd,No,No,8,0,0,0,0,-1,0
Chemzzo Dyestuffs,No,No,1,0,0,0,0,-1,0
CHIMI ART,No,No,1,0,0,0,0,-1,0
Chirag Enterprise,No,No,2,17,0,0,9,-1,0
ChiraSol GmbH,No,No,43,7,0,0,0,-1,0
Chiyuen International Trading Limited,No,No,1,0,0,0,0,-1,0
"Chonqing Lihao chemistry tech co.,ltd.",No,No,1,0,0,0,0,-1,0
CID,No,No,9,35,0,0,4,-1,0
ÇİFTÇİLER YAĞ SANAYİ VE TİCARET LİMİTED ŞİRKETİ,No,No,1,0,0,0,0,-1,0
CITIBLUE INTERNATIONAL SRL,No,No,1,0,0,0,0,-1,0
CJSC Kvitny,No,No,1,0,0,0,0,-1,0
CNP Polymer GmbH,No,No,1,3,0,0,3,-1,0
Cofermin Chemicals,Yes,No,20,97,0,0,5,-1,0
Coftech GmbH,No,No,11,32,0,0,3,-1,0
COIM SPA,No,No,1,2,0,0,2,-1,0
Colux GmbH,No,No,8,0,0,0,0,-1,0
Connection A GmbH,No,No,2,0,0,0,0,-1,0
CONSELLS CHEMICALS SP. Z O. O.,No,No,1,7,0,0,7,-1,0
Cooperative France Lavande,No,No,2,2,0,0,1,-1,0
"CopperSMART, LLc",No,No,1,0,0,0,0,-1,0
Corelife Medical,No,No,1,0,0,0,0,-1,0
Cortex Chemicals sp. z o.o.,No,No,1,1,0,0,1,-1,0
Corvay Specialty Chemicals GmbH,No,No,3,1,0,0,0,-1,0
Cosmetica Bolognese,No,No,4,0,0,0,0,-1,0
"Cosutin Industrial Co., Limited",No,No,4,19,0,0,5,-1,0
Covey International,No,No,12,36,0,0,3,-1,0
CP International Chemicals Ltd,No,No,6,25,0,0,4,-1,0
Craft Resin Limited,No,No,4,6,0,0,2,-1,0
Creative Biogene,No,No,1,0,0,0,0,-1,0
CRISTALCO,Yes,No,25,0,0,0,0,-1,0
C.S.Chemicals (M) Sdn Bhd,No,No,1,0,0,0,0,-1,0
CSR Plastic,No,No,1,8,0,0,8,-1,0
Çukurova Kimya Endüstrisi A.Ş.,No,No,10,0,0,0,0,-1,0
Cure Biochem,No,No,1,1,0,0,1,-1,0
Currie Marketing Ltd,No,No,1,0,0,0,0,-1,0
Cyberwize Turkey,No,No,1,0,0,0,0,-1,0
damirco,No,No,1,0,0,0,0,-1,0
DC Solutions s.r.o.,No,No,32,5,0,0,0,-1,0
DECACHEM DOO SERBIA,No,No,72,40,0,0,1,-1,0
Delacon Biotechnik GmbH,No,No,1,1,0,0,1,-1,0
Delta Engineering & Chemistry GmbH,No,No,3,2,0,0,1,-1,0
De Monchy Aromatics Ltd,No,No,1,0,0,0,0,-1,0
De Monchy International BV,No,Yes,16,42,0,0,3,-1,0
Denkim Denizli Kimya A.Ş.,No,No,2,12,0,0,6,-1,0
DERIVADOS DEL FLUOR SAU,No,No,37,18,0,0,0,-1,0
Derkim Kimya A.S,No,No,2,14,0,0,7,-1,0
DERYPOL S.A.,No,No,19,28,0,0,1,-1,0
Desheng International,No,No,1,0,0,0,0,-1,0
Detonovo Foods,No,No,1,0,0,0,0,-1,0
DEUREX AG,No,No,28,20,0,0,1,-1,0
Dev International,No,No,10,0,0,0,0,-1,0
Diffutherm BV,No,No,2,2,0,0,1,-1,0
DK CHEM Organic Synthesis LTD,No,No,1,0,0,0,0,-1,0
DMRSÜREN KİMYA LTD ŞTİ,No,No,24,86,0,0,4,-1,0
DOGA BIOTECH,No,No,1,0,0,0,0,-1,0
Dogal Destek Urunleri Arastırma San. ve Tic. A.S.,No,No,25,11,0,0,0,-1,0
"Dongguan City Betterly New Materials Co., Ltd.",No,No,1,0,0,0,0,-1,0
Dorena,No,No,1,0,0,0,0,-1,0
Dr. Paul Lohmann GmbH & Co. KGaA,No,No,49,79,0,0,2,-1,0
DR. SILVIU PHARMACHEM PVT.LTD,No,No,57,1,0,0,0,-1,0
Düllberg Konzentra GmbH & Co. KG,No,No,15,17,0,0,1,-1,0
Dutch Essentials BV,No,No,5,13,0,0,3,-1,0
DW OIL Trading GmbH,No,No,3,18,0,0,6,-1,0
Dynasty Industries,No,No,1,0,0,0,0,-1,0
E2H Deutschland GmbH,No,No,2,0,0,0,0,-1,0
EBA Kimya,No,No,1,0,0,0,0,-1,0
Ecas Quattro Srl,No,No,1,0,0,0,0,-1,0
Ecochem International NV,No,No,5,17,0,0,3,-1,0
ECOTERM SRL,No,No,2,4,0,0,2,-1,0
ECSA Chemicals AG,No,No,16,26,0,0,2,-1,0
EGGDEN Gıda Teknoloji Ar ve Ge San Ltd Şti,No,No,1,0,0,0,0,-1,0
Ekonapas UAB,No,No,1,0,0,0,0,-1,0
ELEMENT ENTERPRISES,No,No,2,4,0,0,2,-1,0
ELIX Polymers SLU,No,No,34,7,0,0,0,-1,0
Ella grup inşaat gayrimenkul iç ve dış ticaret,No,No,1,0,0,0,0,-1,0
Elmira Industrial Supplies,No,No,1,0,0,0,0,-1,0
Elso Kimya,No,No,1,0,0,0,0,-1,0
Emery Oleochemicals,No,No,10,30,0,0,3,-1,0
Emporos Electric,No,No,1,0,0,0,0,-1,0
Epirus Cosmetics,No,No,14,0,0,0,0,-1,0
EpiValence Ltd,No,No,8,2,0,0,0,-1,0
EPM Europe GmBH,No,No,1,0,0,0,0,-1,0
Ergam Life Sciences Pvt.Ltd.,No,No,1,0,0,0,0,-1,0
Erich Slupetzky Gesmbh,No,No,22,23,0,0,1,-1,0
Erkim Gıda Pazarlama Kimya San. ve Tic A.Ş.,No,No,4,4,0,0,1,-1,0
Erlon Sp. z o.o. sk.,No,No,1,8,0,0,8,-1,0
ERSAĞ TIBBİ ve AROMATİK BİTKİLER SANAYİ VE TİCARET LİMİTED ŞİRKETİ,No,No,16,0,0,0,0,-1,0
ERTEKİN KİMYA İÇ VE DIŞ TİC.LTD.ŞTİ.,Yes,No,1,0,0,0,0,-1,0
escom GmbH,No,No,4,4,0,0,1,-1,0
etconstruct,No,No,1,0,0,0,0,-1,0
ETM Group,No,No,1,0,0,0,0,-1,0
ETS STEINER,No,No,1,0,0,0,0,-1,0
EURASIA PETROL,No,No,2,0,0,0,0,-1,0
EURIKAS BV,No,No,1,5,0,0,5,-1,0
euronopa GmbH,No,No,2,5,0,0,3,-1,0
Europigments SL,No,No,2,2,0,0,1,-1,0
Eurospektras,No,No,1,10,0,0,10,-1,0
Evonik,Yes,No,3,15,0,0,5,-1,0
Evonik Silica,No,No,25,28,0,0,1,-1,0
FA GIDA,No,No,1,0,0,0,0,-1,0
Fairchemical,No,No,2,0,0,0,0,-1,0
Falcon Agro Group LLC,No,No,1,0,0,0,0,-1,0
Fam International NV,No,No,6,10,0,0,2,-1,0
FARMA QUIMICA SUR S.L.,No,No,1,1,0,0,1,-1,0
Feicheng Hongrui Fine Chemicals Material Manufacturer,No,No,3,0,0,0,0,-1,0
Feralco Deutschland Gmbh,No,No,7,25,0,0,4,-1,0
Ferro Duo,Yes,No,4,2,0,0,1,-1,0
Ferro Duo GmbH,Yes,No,3,0,0,0,0,-1,0
FE Trade,No,No,1,4,0,0,4,-1,0
FIBB sistemi d.o.o.,No,No,1,7,0,0,7,-1,0
FİBER KİMYA A.Ş.,No,No,3,2,0,0,1,-1,0
Filip Andrysiewicz Pośrednictwo Handlowe,No,No,1,4,0,0,4,-1,0
Firewater ltd,No,No,1,0,0,0,0,-1,0
FIS Chemicals Ltd,No,No,2,1,0,0,1,-1,0
flame care gmbh,No,No,2,0,0,0,0,-1,0
FlyKimya Boya,No,No,3,4,0,0,1,-1,0
Fornaci Zulian srl,No,No,6,2,0,0,0,-1,0
Forplast LLC.,No,No,14,6,0,0,0,-1,0
Foscote Group,No,No,1,0,0,0,0,-1,0
Foster Chemicals GmbH,No,No,1,0,0,0,0,-1,0
FRA.MIC. SRL,No,No,7,22,0,0,3,-1,0
FYN GLOBAL,No,No,1,0,0,0,0,-1,0
GAJANAN ENTERPRISES,No,No,1,0,0,0,0,-1,0
Galaktika Ltd,No,No,9,3,0,0,0,-1,0
Galvachem Chemiehandelsges mbH,Yes,No,5,0,0,0,0,-1,0
Gamma Chimica Spa,No,No,5,13,0,0,3,-1,0
Gastrim Europe Ltd,No,No,1,7,0,0,7,-1,0
"G&C Colors, S.A.",No,No,12,10,0,0,1,-1,0
GEH Wasserchemie GmbH & Co. KG,No,No,1,5,0,0,5,-1,0
Genesius Colours,No,No,1,0,0,0,0,-1,0
GenoSynth GmbH,No,No,46,13,0,0,0,-1,0
Geo Gas DOOEL,No,No,1,0,0,0,0,-1,0
GEOHELLAS S.A,No,No,11,20,0,0,2,-1,0
Georges S Daras,No,No,1,0,0,0,0,-1,0
Germes,No,No,1,0,0,0,0,-1,0
GlaxoSmithKline Pharmaceuticals Ltd,No,No,3,0,0,0,0,-1,0
GL Biochem Inc.,No,No,458,17,0,0,0,-1,0
Glindia Chemicals,No,No,2,0,0,0,0,-1,0
Global Chemicals,No,No,1,0,0,0,0,-1,0
Global Company for Chemical Industries,No,No,4,3,0,0,1,-1,0
Global Company s.r.l.,No,No,1,2,0,0,2,-1,0
"GM Chemical Co., Limited",No,No,18,4,0,0,0,-1,0
GMCI Private Limited,No,No,8,2,0,0,0,-1,0
Golchha PIGMENTS,No,No,1,0,0,0,0,-1,0
Goldchem,No,No,22,33,0,0,2,-1,0
Goodname India LLP,No,No,1,0,0,0,0,-1,0
Goonvean Fibres Ltd,No,No,4,9,0,0,2,-1,0
Gospodarstwo Pasieczne – Pasieka Jurajska sp. z o.o.,No,No,1,8,0,0,8,-1,0
GP4,No,No,1,0,0,0,0,-1,0
"GRANULADOS TÉCNICOS SOSTENIBLES, S.L.",No,No,1,0,0,0,0,-1,0
Granulite,No,No,1,0,0,0,0,-1,0
Graphenest,No,No,1,0,0,0,0,-1,0
Green Italy Srl,No,No,1,4,0,0,4,-1,0
Green Miles Chemicals doo,No,No,71,138,0,0,2,-1,0
Grillo-Werke AG,No,No,2,0,0,0,0,-1,0
Group of companies STIM,No,No,1,1,0,0,1,-1,0
GRUPO ANDINO DE INVERSIONES SAC,No,No,1,1,0,0,1,-1,0
"Guangdong CHNV Technology Co.,",No,No,3,0,0,0,0,-1,0
"Guangxi Binyiwang Trading Co., Ltd.",No,No,1,0,0,0,0,-1,0
Guangzhou Yaoguang Technology,No,No,3,0,0,0,0,-1,0
GUJARAT MULTI GAS BASE CHEMICALS PVT. LTD.,No,No,3,9,0,0,3,-1,0
guled Global bussiness solutions,No,No,1,0,0,0,0,-1,0
Gurmaden,No,No,1,0,0,0,0,-1,0
GVB Biopharma,No,No,3,0,0,0,0,-1,0
GYAN FLAVOURS EXPORT,No,No,1,0,0,0,0,-1,0
"HaBo Hong Kong Co., Limited.",No,No,44,0,0,0,0,-1,0
Hangzhou Foreign Economic Relations and Trade Service Co Ltd,No,No,3,0,0,0,0,-1,0
"Hangzhou Tenwaychem Biotechnology Co.,Ltd",No,No,1,0,0,0,0,-1,0
hanse immobilien bau GmbH,No,No,29,2,0,0,0,-1,0
HARSH CORPORATION,No,No,1,0,0,0,0,-1,0
Harzer Zinkoxide GmbH,No,No,4,2,0,0,1,-1,0
HCI Wax Co. Limited,No,No,16,19,0,0,1,-1,0
H&D HOLDING B.V.,No,No,1,0,0,0,0,-1,0
Healy Group Europe B.V.,No,No,16,117,0,0,7,-1,0
"Hebei ATUN Trading Co., Ltd",No,No,1,0,0,0,0,-1,0
"Hebei Yime New Material Technology Co., Ltd.",No,No,1,0,0,0,0,-1,0
"Hebei Zebo Biotechnology co., Ltd",No,No,1,0,0,0,0,-1,0
HEGARDT S.L.,No,No,3,2,0,0,1,-1,0
Helioenergia Sp. z o.o.,No,No,20,9,0,0,0,-1,0
"HELIOS TBLUS, d.o.o.",Yes,No,263,70,0,0,0,-1,0
HEMPLAB SP Z O O,No,No,1,2,0,0,2,-1,0
"Hengshui Jiamu Chemical Co., Ltd",No,No,3,0,0,0,0,-1,0
Hermes Mineral Ltd,No,No,2,7,0,0,4,-1,0
HEXPERIENCE TECHNOLOGIES S.R.L.,No,No,1,1,0,0,1,-1,0
Hobum Oleochemicals GmbH,No,No,1,0,0,0,0,-1,0
Honey Sugar Product,No,No,1,0,0,0,0,-1,0
Hope Chemical Trading Kimya ltd,No,No,1,0,0,0,0,-1,0
Horus Oil Wholesalers,No,No,5,0,0,0,0,-1,0
HSH Chemie GmbH,No,No,2,2,0,0,1,-1,0
HSH-Chemie Serbia,No,No,2,4,0,0,2,-1,0
HTMC Group,No,No,12,35,0,0,3,-1,0
"Hubei Cheezheng Energy Development Co.,L",No,No,1,0,0,0,0,-1,0
"Hubei New Desheng Materials Technology Co.,Ltd",No,No,2,0,0,0,0,-1,0
"Hubei New Desheng material Technology Co., Ltd.",No,No,6,0,0,0,0,-1,0
"Hubei Sanli Fengxiang Technology Co., Ltd",No,No,1,0,0,0,0,-1,0
"Hubei xindesheng Material Technology Co., Ltd",No,No,1,0,0,0,0,-1,0
Hulgaard Advokater,No,No,1,0,0,0,0,-1,0
"Hunan Xuetian Fine Chemical Industry Co., Ltd",No,No,1,0,0,0,0,-1,0
Hürkimsa Kimya San.Tic.A.Ş.,No,No,11,45,0,0,4,-1,0
Huzhou Haipu Chemical Industry Ltd,No,No,2,0,0,0,0,-1,0
HW Projekt GmbH,No,No,1,1,0,0,1,-1,0
hyroxtech.uzb,No,No,1,0,0,0,0,-1,0
ICARBON Kimya Arge Mühendislik,No,No,1,2,0,0,2,-1,0
IFTIKHAR PLASTIC & COMPANY UK LTD,No,No,1,1,0,0,1,-1,0
Illumine Consultants (Chemicals | Performance Materials),No,No,12,3,0,0,0,-1,0
IMMA Global Technick S.A.,No,No,26,10,0,0,0,-1,0
Impex Solutions LLC,No,No,1,0,0,0,0,-1,0
IMPOCOLOR - PRODUTOS QUÍMICOS SA,No,No,1,0,0,0,0,-1,0
Individual businessman,No,No,2,0,0,0,0,-1,0
Indo Colchem Ltd,No,No,1,0,0,0,0,-1,0
industrial protective paints ltd,No,No,1,0,0,0,0,-1,0
"Industrias Quimicas PMC, SL",No,No,1,5,0,0,5,-1,0
Indusun Drilling Fluids Private Limited,No,No,1,0,0,0,0,-1,0
INFINIUM PHARMACHEM LIMITED,No,No,192,50,0,0,0,-1,0
InMotion Global Ltd,No,No,3,7,0,0,2,-1,0
Inovet d.o.o.,No,No,1,0,0,0,0,-1,0
IntegraFerm e. U.,No,No,1,3,0,0,3,-1,0
Integra Plastics,No,No,7,18,0,0,3,-1,0
Integrated Chemicals Specialties BV,No,No,7,25,0,0,4,-1,0
International Furan Chemicals B.V.,No,No,4,4,0,0,1,-1,0
Intertorg EOOD,No,No,6,27,0,0,5,-1,0
ISK Metal Kimya,No,No,1,0,0,0,0,-1,0
ISK METAL KIMYA SAN TIC AS,No,No,1,0,0,0,0,-1,0
Ismaco,No,No,7,0,0,0,0,-1,0
ISOThrive,No,No,1,0,0,0,0,-1,0
iStrategia,No,No,1,1,0,0,1,-1,0
Italmatch Chemicals Spa,No,No,1,0,0,0,0,-1,0
Izolatii Conducte S.R.L.,No,No,1,6,0,0,6,-1,0
JAL AQUA INTERNATIONAL,No,No,1,0,0,0,0,-1,0
JAWAR sp. z o.o.,No,No,1,0,0,0,0,-1,0
Jay Intermediates And Chemicals,No,No,1,2,0,0,2,-1,0
jay overseas pvt ltd,No,No,1,0,0,0,0,-1,0
JENGO SPA,No,No,2,1,0,0,1,-1,0
Jenrashid Consultants,No,No,1,0,0,0,0,-1,0
Jiaan Biotech,No,No,1,0,0,0,0,-1,0
"Jiangsu Huayu Chemical Co., Ltd.",No,No,1,0,0,0,0,-1,0
"Jiangsu Kaihuida New Material Technology Co., Ltd",No,No,1,0,0,0,0,-1,0
"Jinan Huashihang Chemical Co., Ltd",No,No,3,0,0,0,0,-1,0
"Jinan maissen new material co.,ltd",No,No,1,0,0,0,0,-1,0
J.M.D. Enterprises,No,No,4,0,0,0,0,-1,0
JOhn Murphy (Castlerea) Ltd,No,No,1,3,0,0,3,-1,0
"Jostrong (Tianjin) Technology  Co., Ltd",No,No,1,0,0,0,0,-1,0
J. Rettenmaier & Söhne GmbH + Co. KG,No,Yes,44,83,0,0,2,-1,0
JSC Karpov Chemical Plant,No,No,17,12,0,0,1,-1,0
JSC South Urals Magnesium Compounds plant,No,No,1,0,0,0,0,-1,0
Jürgen Schoos Export Gmbh,No,No,1,6,0,0,6,-1,0
Kadion Especialidades Quimicas,No,No,14,3,0,0,0,-1,0
Kaffe Bueno Aps,No,No,1,0,0,0,0,-1,0
Kajay Remedies Pvt Ltd,No,No,6,9,0,0,2,-1,0
Karl Zimmermann GmbH,No,No,1,0,0,0,0,-1,0
KARUPOEG PUHH OÜ,No,No,1,0,0,0,0,-1,0
Kasturi aromatics,No,No,1,0,0,0,0,-1,0
Kayalar Kimya San. ve Tic. A.Ş,No,No,2,1,0,0,1,-1,0
Kazfert,No,No,1,0,0,0,0,-1,0
KazUniverseGroup LLP,No,No,2,1,0,0,1,-1,0
Kchimica S.R.L,No,No,11,14,0,0,1,-1,0
Keeling & Walker Ltd.,No,No,7,1,0,0,0,-1,0
KEM,No,No,1,0,0,0,0,-1,0
Kemai chemical (Europe) GmbH,No,No,1,0,0,0,0,-1,0
KEMAT,No,No,86,44,0,0,1,-1,0
KEMCO,No,No,1,0,0,0,0,-1,0
Keminntek Laboratories,No,No,32,0,0,0,0,-1,0
"KETONG GROUP CO.,LTD",No,No,2,0,0,0,0,-1,0
Khushi Dyechem,No,No,119,30,0,0,0,-1,0
Klaris-Invest,No,No,1,0,0,0,0,-1,0
Kneho-Lacke GmbH,Yes,No,5,1,0,0,0,-1,0
Kolon Industries,No,No,3,2,0,0,1,-1,0
KORUMA KLOR ALKALI SAN.VE TIC. A.S,No,No,1,2,0,0,2,-1,0
Kraeber & Co,No,No,42,53,0,0,1,-1,0
Kreide-Farbenwerk Rügen GmbH,No,No,6,5,0,0,1,-1,0
KROMOZOME,Yes,No,2,0,0,0,0,-1,0
Krystal Tech,No,No,1,0,0,0,0,-1,0
Kuraray Europe GmbH,No,No,113,48,0,0,0,-1,0
Kvitny,No,No,1,0,0,0,0,-1,0
KYKLOS GROUP IKE,No,No,3,1,0,0,0,-1,0
Laboratorios Argenol SL,No,No,16,28,0,0,2,-1,0
"Laizhou caizhiyuan pigment technology co., ltd",No,No,2,0,0,0,0,-1,0
lannexeo,No,No,1,0,0,0,0,-1,0
Lanya Chemical Europe GmbH,No,Yes,43,27,0,0,1,-1,0
LAPASSE ADDITIVES CHEMICALS,No,No,1,2,0,0,2,-1,0
Lavandan,No,No,1,0,0,0,0,-1,0
Laviosa Chimica Mineraria S.p.A.,No,No,28,12,0,0,0,-1,0
LBI oil free GmbH,No,No,1,0,0,0,0,-1,0
LEFA TEMSILCILIK,No,No,2,2,0,0,1,-1,0
legitimamente,No,No,1,0,0,0,0,-1,0
Lehmann&Voss&Co. Kg,No,No,14,22,0,0,2,-1,0
"LESOKHIMIK, OAO",No,No,3,13,0,0,4,-1,0
LEVACO,No,No,1,5,0,0,5,-1,0
Lidorr Elements,No,No,67,75,0,0,1,-1,0
Life Chemicals Europe Gmbh,No,No,501,15,0,0,0,-1,0
Lithos Natural GmbH,No,No,2,17,0,0,9,-1,0
LKAB Minerals B.V.,No,No,5,5,0,0,1,-1,0
"LLC ""SPE ""PROMUGLEROD""",No,No,1,0,0,0,0,-1,0
"LLC ""UMKA Company""",No,No,1,0,0,0,0,-1,0
LM24 srl,No,No,1,0,0,0,0,-1,0
L-OPTIMA ELEMENT TECH COMPANY,No,No,1,0,0,0,0,-1,0
LSR Materials GmbH & Co KG,Yes,No,16,4,0,0,0,-1,0
LUBREXCEL SALES & DISTRIBUTION SRL,No,No,3,1,0,0,0,-1,0
"LUSOCOPLA, LDA",No,No,2,2,0,0,1,-1,0
LYCOS CHEMTECH,No,No,1,0,0,0,0,-1,0
M2I Life Sciences,No,No,8,4,0,0,1,-1,0
MABAYCO ENDÜSTRİYEL ÜRÜNLER LTD. ŞTİ.,No,No,1,3,0,0,3,-1,0
MADHAV SNOW WHITE INDUSTRIES,No,No,2,0,0,0,0,-1,0
MADKIM MADEN VE KIMYA SAN. VE TİC. LTD. STI.,No,No,7,9,0,0,1,-1,0
ma.gi.co. srl,No,No,9,52,0,0,6,-1,0
Maisuriya Pharma Solutions,No,No,1,0,0,0,0,-1,0
MAKRO CHEMICAL END. KIM. SAN. VE TIC.A.S.,No,No,1,5,0,0,5,-1,0
MANAS AGROTECH,No,No,1,0,0,0,0,-1,0
Mansi Chemicals,No,No,21,11,0,0,1,-1,0
Marbe Pharma SL,No,No,1,0,0,0,0,-1,0
MARFRAN®,No,No,18,43,0,0,2,-1,0
Marine Engineering Technology SLP,No,No,1,0,0,0,0,-1,0
Marker Kimya,No,No,8,13,0,0,2,-1,0
Mars Kimya,Yes,No,5,0,0,0,0,-1,0
Marubeni,No,No,5,20,0,0,4,-1,0
Masader Bio,No,No,1,0,0,0,0,-1,0
Massa Petroleum,No,Yes,4,16,0,0,4,-1,0
Matrix Fine Chemicals GmbH,No,No,514,14,0,0,0,-1,0
Matrix Life Science Private Limited,No,No,10,0,0,0,0,-1,0
Mayantu,No,No,3,5,0,0,2,-1,0
McElwaine Technical Services,No,No,1,0,0,0,0,-1,0
"Medir Ferrer y CIA, S.A.",No,No,1,5,0,0,5,-1,0
Medphen,No,No,7,7,0,0,1,-1,0
megasack inc,No,No,1,0,0,0,0,-1,0
Meghna Colour Chem,No,No,15,25,0,0,2,-1,0
Meiji Rus Ltd,No,No,1,0,0,0,0,-1,0
Meraxis AG,No,Yes,89,20,0,0,0,-1,0
MERYT Catalysts & Innovation,No,No,6,13,0,0,2,-1,0
Metakern Latvia SIA,No,No,1,0,0,0,0,-1,0
Metalimex a.s.,No,No,1,0,0,0,0,-1,0
"METALOR TECHNOLOGIES (IBÉRICA),  S.A.",No,No,1,0,0,0,0,-1,0
metalsolutons,No,No,2,0,0,0,0,-1,0
Methatem,No,No,1,1,0,0,1,-1,0
MHX SOLUTIONS LTD,No,No,1,0,0,0,0,-1,0
Midwest Polychem,No,No,2,0,0,0,0,-1,0
Mihaela,No,No,1,0,0,0,0,-1,0
MILKIJA SP Z O O,No,No,1,1,0,0,1,-1,0
MINE COLOURS,No,No,22,19,0,0,1,-1,0
MINERALCOMERS AD,No,No,4,14,0,0,4,-1,0
"MINERALS RESOURCES - DEVELOPMENT, S.A.",No,No,22,64,0,0,3,-1,0
MM INDUSTRIES,No,No,1,0,0,0,0,-1,0
MNC PİGMENT AV SAN. TİC. A.Ş.,No,No,1,0,0,0,0,-1,0
"MODERN DYESTUFFS & PIGMENTS CO.,LTD",No,No,11,1,0,0,0,-1,0
Moonpet Petrol Insaat Sanayi Ticaret Anonim Sirketi,No,No,1,0,0,0,0,-1,0
MORPHISTO GmbH,No,No,1,0,0,0,0,-1,0
Moser & ASSOCIATES,No,No,3,4,0,0,1,-1,0
M/s. Pacific Texchem Pvt Ltd,No,No,5,18,0,0,4,-1,0
MUDRA ENTERPRISES,No,No,2,0,0,0,0,-1,0
MustafaGlobal,No,No,2,0,0,0,0,-1,0
"NAM PHONG INDUSTRY CO., LTD",No,No,1,3,0,0,3,-1,0
"nanjing tianshi new material technologies co.,ltd",No,No,1,0,0,0,0,-1,0
Nano Gold,No,No,5,13,0,0,3,-1,0
NANOGRAPHENEX NANOTECHNOLOGY LTD,No,No,4,0,0,0,0,-1,0
Nanomatics Pte Ltd,No,No,2,1,0,0,1,-1,0
NanoScientifica Scandinavia AB,No,No,1,0,0,0,0,-1,0
NANOVISION,No,No,2,3,0,0,2,-1,0
Nanoxo sp.z o.o.,No,No,2,2,0,0,1,-1,0
"Nantong Haotai Products&Chemicals Co.,Ltd",No,No,1,0,0,0,0,-1,0
Narsipur Chemicals Pvt ltd,No,No,7,18,0,0,3,-1,0
20 Microns Limited,No,No,10,33,0,0,3,-1,0
Natural healing center,No,No,2,0,0,0,0,-1,0
NATURAL POLAND Sp. z o.o.,No,No,4,0,0,0,0,-1,0
NCT Group,No,No,1,10,0,0,10,-1,0
NeoGraf Solutions,No,No,10,3,0,0,0,-1,0
NEXMOL S.R.L.,No,No,1,0,0,0,0,-1,0
NEXUS Kimya,No,No,1,9,0,0,9,-1,0
NHAT HUY INVESTMENT JOINT STOCK COMPANY,No,No,4,11,0,0,3,-1,0
Nickelhütte Aue GmbH,No,No,7,4,0,0,1,-1,0
Nico Orgo,Yes,No,1,0,0,0,0,-1,0
Nimaco Chemicals,No,No,1,9,0,0,9,-1,0
Nishant Organics Pvt. Ltd.,No,No,2,7,0,0,4,-1,0
Nitramonia BC SRL,No,No,1,1,0,0,1,-1,0
NITROPARIS,No,No,1,0,0,0,0,-1,0
Noirga Polymer LLC,No,No,152,43,0,0,0,-1,0
Nordisk Perlite APS,No,No,2,1,0,0,1,-1,0
NORDIX CHEMICALS FACTORY d.o.o.,No,No,1,0,0,0,0,-1,0
Nordmann UK Fine Chemicals,No,No,265,16,0,0,0,-1,0
Nordpol Seifenfabrik e.K.,No,No,5,7,0,0,1,-1,0
Norse Biotech AS,No,No,1,0,0,0,0,-1,0
Nostra Domum,No,No,1,0,0,0,0,-1,0
NOTIONAL SPECIALITIES PRODUCTS CO.,No,No,4,3,0,0,1,-1,0
N S Mint Products Pvt Ltd,No,No,6,10,0,0,2,-1,0
NUCLEUS KIMYA,No,No,2,4,0,0,2,-1,0
Nuh Kompozit AS,No,No,1,0,0,0,0,-1,0
Nupol Chemicals LLP,No,No,19,21,0,0,1,-1,0
Nutrimix hayvan yemcilik ticaret anonim şirketi,No,No,1,0,0,0,0,-1,0
Nuvola İç ve Dış Ticaret,No,No,3,5,0,0,2,-1,0
oa markets,No,No,1,0,0,0,0,-1,0
Obafer Kimya Sanayi ve Ticaret Limited Şirketi,No,No,16,9,0,0,1,-1,0
Oceanize As,No,No,1,12,0,0,12,-1,0
Olainfarm JSC,No,No,30,0,0,0,0,-1,0
Omkrown Pharmachem Pvt Ltd,No,No,8,0,0,0,0,-1,0
Omya GmbH,No,No,17,12,0,0,1,-1,0
Omya Vencac,No,No,1,4,0,0,4,-1,0
ONBİRON KİMYA SAN VE TİC A.Ş.,No,No,1,2,0,0,2,-1,0
ONLYPLAST SPAIN S.L.,Yes,No,6,1,0,0,0,-1,0
OPF,No,No,1,0,0,0,0,-1,0
OQEMA Ukraine LLC,No,No,63,86,0,0,1,-1,0
Organica Feinchemie Gmbh Wolfen,No,No,19,0,0,0,0,-1,0
OSAR International,No,No,1,0,0,0,0,-1,0
oze grup,No,No,1,0,0,0,0,-1,0
OZE İnşaat A.Ş.,No,No,1,0,0,0,0,-1,0
PALMYRA PLASTIK SANAYI VE DIS TICARET LTD,No,No,1,0,0,0,0,-1,0
PANOXIDE BOYA SAN. TIC. LTD. ŞTI.,No,No,2,8,0,0,4,-1,0
Para Food,No,No,2,0,0,0,0,-1,0
Parna Chemicals International,No,No,1,0,0,0,0,-1,0
PARTH INTERCHEM,No,No,2,0,0,0,0,-1,0
Particular Materials srl,No,No,13,34,0,0,3,-1,0
Partsom Machimery Mining,No,No,1,0,0,0,0,-1,0
Paulo Henrique Representações,No,No,2,0,0,0,0,-1,0
Pavezyum Kimya San. Dis. Tic. A.S,No,No,4,1,0,0,0,-1,0
Paxymer AB,No,No,1,0,0,0,0,-1,0
PB Solutions GmbH,No,No,1,0,0,0,0,-1,0
Peak Universal Business,No,No,1,0,0,0,0,-1,0
Performance Additives Europe GmbH,No,No,11,10,0,0,1,-1,0
Perstorp Group,No,No,27,28,0,0,1,-1,0
Petrobon,No,No,1,0,0,0,0,-1,0
Petrobonco,No,No,1,0,0,0,0,-1,0
Petrofer AG,No,No,57,20,0,0,0,-1,0
PETROWHITE,No,No,6,17,0,0,3,-1,0
PGKL,No,No,2,0,0,0,0,-1,0
Pharma Greven GmbH,No,No,2,0,0,0,0,-1,0
PH Bulktrade ApS,No,No,1,0,0,0,0,-1,0
PICTA NATURAL INGREDIENTS,No,No,8,2,0,0,0,-1,0
Pidilite Industries Limited,No,No,1,0,0,0,0,-1,0
PJSC Pigment,No,No,1,24,0,0,24,-1,0
Plastbud Sp. Zo.o,No,No,1,0,0,0,0,-1,0
Plastore srl,Yes,No,182,5,0,0,0,-1,0
platanus -h kft,No,No,2,0,0,0,0,-1,0
PLUSwater BV,No,No,1,0,0,0,0,-1,0
POLARIS ORES,No,No,7,0,0,0,0,-1,0
POLWAX S.A.,No,No,2,5,0,0,3,-1,0
Polychem Handelsges.m.b.H.,No,No,2,0,0,0,0,-1,0
Polygal AG,No,No,85,23,0,0,0,-1,0
Polymer Corp LLC,No,No,1,0,0,0,0,-1,0
"Polymer Loop, S.L.",No,No,1,14,0,0,14,-1,0
Polytrade Global GmbH,No,No,7,6,0,0,1,-1,0
Portsmouth Aviation,No,No,5,5,0,0,1,-1,0
Pp Polymer Ab,No,No,1,0,0,0,0,-1,0
PQ Corporation,No,No,30,6,0,0,0,-1,0
Prasol Chemicals Limited.,No,No,6,8,0,0,1,-1,0
prefere paraform GmbH & Co. KG,No,No,19,19,0,0,1,-1,0
PREMIFAB d.o.o.,No,No,1,0,0,0,0,-1,0
ProChem Solutions,No,No,1,4,0,0,4,-1,0
Prochimica Novarese SPA,No,No,1,0,0,0,0,-1,0
Productos Albi,No,No,6,9,0,0,2,-1,0
Pro-Eko Srl,No,No,7,23,0,0,3,-1,0
PROLIFE BIO-CHEMICAL INDUSTRIES,No,No,43,12,0,0,0,-1,0
PROREUSE SRLS,No,No,13,97,0,0,7,-1,0
PROVENÇALE SA,No,No,1,6,0,0,6,-1,0
PT Cisadane Raya Chemicals,No,No,2,5,0,0,3,-1,0
